QB,Overall,Player Team (Bye),ESPN,Yahoo,CBS,Sleeper,RTSports,AVG,Position,Scoring,RB,NFL,FFC,WR,TE
1.0,23.0,Josh Allen BUF (12),1.0,1.0,1.0,1.0,1.0,1.2,QB,ppr,,,,,
2.0,31.0,Patrick Mahomes II KC (6),2.0,2.0,3.0,3.0,3.0,2.3,QB,ppr,,,,,
3.0,29.0,Jalen Hurts PHI (5),3.0,3.0,2.0,2.0,2.0,2.5,QB,ppr,,,,,
4.0,38.0,Lamar Jackson BAL (14),4.0,4.0,4.0,4.0,4.0,4.0,QB,ppr,,,,,
5.0,51.0,C.J. Stroud HOU (14),5.0,5.0,5.0,5.0,6.0,5.2,QB,ppr,,,,,
6.0,52.0,Anthony Richardson IND (14),7.0,6.0,9.0,6.0,5.0,6.5,QB,ppr,,,,,
7.0,71.0,Joe Burrow CIN (12),6.0,8.0,7.0,7.0,9.0,7.5,QB,ppr,,,,,
8.0,66.0,Kyler Murray ARI (11),10.0,7.0,10.0,8.0,7.0,8.2,QB,ppr,,,,,
9.0,74.0,Jordan Love GB (10),9.0,10.0,6.0,10.0,8.0,8.8,QB,ppr,,,,,
10.0,78.0,Dak Prescott DAL (7) O,8.0,9.0,8.0,9.0,10.0,8.8,QB,ppr,,,,,
11.0,97.0,Brock Purdy SF (9),11.0,11.0,11.0,11.0,13.0,11.3,QB,ppr,,,,,
12.0,102.0,Jayden Daniels WAS (14),12.0,12.0,13.0,14.0,11.0,12.3,QB,ppr,,,,,
13.0,96.0,Caleb Williams CHI (7),14.0,15.0,12.0,12.0,12.0,13.2,QB,ppr,,,,,
14.0,107.0,Tua Tagovailoa MIA (6),15.0,13.0,15.0,13.0,15.0,14.3,QB,ppr,,,,,
15.0,111.0,Jared Goff DET (5),19.0,14.0,14.0,15.0,14.0,14.8,QB,ppr,,,,,
16.0,122.0,Trevor Lawrence JAC (12) O,18.0,17.0,16.0,17.0,16.0,17.0,QB,ppr,,,,,
17.0,125.0,Justin Herbert LAC (5) Q,16.0,21.0,17.0,16.0,17.0,17.2,QB,ppr,,,,,
18.0,139.0,Aaron Rodgers NYJ (12),13.0,20.0,19.0,18.0,19.0,18.0,QB,ppr,,,,,
19.0,135.0,Kirk Cousins ATL (12),17.0,24.0,18.0,19.0,18.0,19.3,QB,ppr,,,,,
20.0,146.0,Matthew Stafford LAR (6),21.0,25.0,20.0,20.0,20.0,20.5,QB,ppr,,,,,
21.0,158.0,Baker Mayfield TB (11),22.0,22.0,22.0,21.0,21.0,21.5,QB,ppr,,,,,
22.0,171.0,Deshaun Watson CLE (10) O,20.0,27.0,21.0,22.0,23.0,22.5,QB,ppr,,,,,
23.0,192.0,Bo Nix DEN (14),23.0,18.0,23.0,26.0,28.0,23.5,QB,ppr,,,,,
24.0,179.0,Geno Smith SEA (10),24.0,28.0,25.0,24.0,24.0,25.2,QB,ppr,,,,,
25.0,175.0,Will Levis TEN (5),26.0,23.0,,23.0,22.0,24.4,QB,ppr,,,,,
26.0,203.0,Russell Wilson PIT (9),28.0,16.0,,32.0,29.0,26.0,QB,ppr,,,,,
27.0,198.0,Justin Fields PIT (9),30.0,19.0,,25.0,34.0,27.0,QB,ppr,,,,,
28.0,196.0,Derek Carr NO (12),29.0,,24.0,31.0,25.0,28.0,QB,ppr,,,,,
29.0,193.0,Bryce Young CAR (11),25.0,,,28.0,26.0,27.0,QB,ppr,,,,,
30.0,202.0,Drake Maye NE (14),31.0,,,27.0,33.0,30.3,QB,ppr,,,,,
31.0,210.0,Sam Darnold MIN (6),42.0,,,33.0,30.0,34.8,QB,ppr,,,,,
32.0,199.0,Daniel Jones MIN (6),,,,30.0,27.0,30.0,QB,ppr,,,,,
33.0,226.0,Gardner Minshew II LV (10) O,,,,35.0,31.0,32.7,QB,ppr,,,,,
34.0,257.0,Aidan O'Connell LV (10),,,,39.0,35.0,36.3,QB,ppr,,,,,
35.0,244.0,Jacoby Brissett NE (14),,,,,32.0,34.5,QB,ppr,,,,,
36.0,280.0,Joe Flacco IND (14),44.0,,,,36.0,40.0,QB,ppr,,,,,
37.0,284.0,Michael Penix Jr. ATL (12),,,,34.0,,35.0,QB,ppr,,,,,
38.0,,Kenny Pickett PHI (5),33.0,,,,,35.5,QB,ppr,,,,,
39.0,,Joshua Dobbs SF (9),34.0,,,,,38.0,QB,ppr,,,,,
40.0,148.0,Taysom Hill NO (12) O,,26.0,,,,26.0,QB,ppr,,,,,
41.0,,Tom Brady,27.0,,,,,27.0,QB,ppr,,,,,
42.0,,Carson Wentz KC (6),41.0,,,,,41.0,QB,ppr,,,,,
43.0,,Jimmy Garoppolo LAR (6),35.0,,,,,41.5,QB,ppr,,,,,
44.0,,Hendon Hooker DET (5),39.0,,,,,42.5,QB,ppr,,,,,
45.0,309.0,Davis Cheek,,,,36.0,,36.0,QB,ppr,,,,,
46.0,,Michael Pratt TB (11),36.0,,,,,68.5,QB,ppr,,,,,
47.0,,Tommy DeVito NYG (11),37.0,,,,,44.5,QB,ppr,,,,,
48.0,312.0,Peewee Jarrett,,,,37.0,,82.0,QB,ppr,,,,,
49.0,319.0,Austin Aune,,,,38.0,,38.0,QB,ppr,,,,,
50.0,,Trace McSorley,38.0,,,,,58.5,QB,ppr,,,,,
51.0,,Sam Howell SEA (10),,,,,,39.0,QB,ppr,,,,,
52.0,,Zach Wilson DEN (14),45.0,,,,,45.0,QB,ppr,,,,,
53.0,,Jaren Hall SEA (10),40.0,,,,,68.0,QB,ppr,,,,,
54.0,,Trey Lance DAL (7),,,,,,43.0,QB,ppr,,,,,
55.0,,Devin Leary BAL (14),43.0,,,,,84.5,QB,ppr,,,,,
56.0,,Jarrett Stidham DEN (14),,,,,,44.0,QB,ppr,,,,,
57.0,,Nathan Rourke,46.0,,,,,70.0,QB,ppr,,,,,
58.0,,Matt Barkley,47.0,,,,,47.0,QB,ppr,,,,,
59.0,,Spencer Rattler NO (12),,,,,,47.0,QB,ppr,,,,,
60.0,,Tyson Bagent CHI (7),48.0,,,,,52.5,QB,ppr,,,,,
61.0,,Jameis Winston CLE (10),,,,,,49.0,QB,ppr,,,,,
62.0,,Max Duggan,49.0,,,,,87.0,QB,ppr,,,,,
63.0,,Cooper Rush DAL (7),,,,,,50.0,QB,ppr,,,,,
64.0,,Skylar Thompson MIA (6),50.0,,,,,70.5,QB,ppr,,,,,
65.0,,Jake Browning CIN (12),,,,,,51.0,QB,ppr,,,,,
66.0,,Joe Milton III NE (14),,,,,,53.0,QB,ppr,,,,,
67.0,,Ryan Tannehill,,,,,,54.0,QB,ppr,,,,,
68.0,,Kyle Allen PIT (9),,,,,,55.0,QB,ppr,,,,,
69.0,,Drew Lock NYG (11),,,,,,56.0,QB,ppr,,,,,
70.0,,Andy Dalton CAR (11),,,,,,58.0,QB,ppr,,,,,
71.0,,Tyrod Taylor NYJ (12),,,,,,59.0,QB,ppr,,,,,
72.0,,Marcus Mariota WAS (14),,,,,,60.0,QB,ppr,,,,,
73.0,,Brandon Allen SF (9),,,,,,61.0,QB,ppr,,,,,
74.0,,Mitchell Trubisky BUF (12),,,,,,62.0,QB,ppr,,,,,
75.0,,P.J. Walker,,,,,,63.0,QB,ppr,,,,,
76.0,,Mac Jones JAC (12),,,,,,64.0,QB,ppr,,,,,
77.0,,Bailey Zappe CLE (10),,,,,,65.0,QB,ppr,,,,,
78.0,,Anthony Brown Jr. ARI (11),,,,,,66.0,QB,ppr,,,,,
79.0,,Dorian Thompson-Robinson CLE (10),,,,,,67.0,QB,ppr,,,,,
80.0,,Josh Johnson BAL (14),,,,,,69.0,QB,ppr,,,,,
81.0,,Taylor Heinicke LAC (5),,,,,,70.0,QB,ppr,,,,,
82.0,,Jeff Driskel WAS (14),,,,,,71.0,QB,ppr,,,,,
83.0,,C.J. Beathard JAC (12),,,,,,72.0,QB,ppr,,,,,
84.0,,Nathan Peterman ATL (12),,,,,,73.0,QB,ppr,,,,,
85.0,,Nick Mullens MIN (6),,,,,,74.0,QB,ppr,,,,,
86.0,,Mason Rudolph TEN (5),,,,,,75.0,QB,ppr,,,,,
87.0,,Mike White BUF (12),,,,,,76.0,QB,ppr,,,,,
88.0,,Logan Woodside CIN (12),,,,,,77.0,QB,ppr,,,,,
89.0,,John Wolford JAC (12),,,,,,78.0,QB,ppr,,,,,
90.0,,Brett Rypien MIN (6),,,,,,80.0,QB,ppr,,,,,
91.0,,Easton Stick LAC (5),,,,,,81.0,QB,ppr,,,,,
92.0,,Tyler Huntley MIA (6),,,,,,82.0,QB,ppr,,,,,
93.0,,Jake Fromm DET (5),,,,,,83.0,QB,ppr,,,,,
94.0,,Ben DiNucci NO (12),,,,,,84.0,QB,ppr,,,,,
95.0,,Davis Mills HOU (14),,,,,,85.0,QB,ppr,,,,,
96.0,,Sam Ehlinger IND (14),,,,,,86.0,QB,ppr,,,,,
97.0,,Ian Book,,,,,,87.0,QB,ppr,,,,,
98.0,,Kyle Trask TB (11),,,,,,88.0,QB,ppr,,,,,
99.0,,Desmond Ridder LV (10),,,,,,89.0,QB,ppr,,,,,
100.0,,Malik Willis GB (10),,,,,,90.0,QB,ppr,,,,,
101.0,,Chris Oladokun KC (6),,,,,,92.0,QB,ppr,,,,,
102.0,,Sean Clifford GB (10),,,,,,93.0,QB,ppr,,,,,
103.0,,Stetson Bennett LAR (6),,,,,,95.0,QB,ppr,,,,,
104.0,,Tanner McKee PHI (5),,,,,,97.0,QB,ppr,,,,,
105.0,,Clayton Tune ARI (11),,,,,,98.0,QB,ppr,,,,,
106.0,,Adrian Martinez NYJ (12),,,,,,99.0,QB,ppr,,,,,
107.0,,Jordan Travis NYJ (12),,,,,,102.0,QB,ppr,,,,,
108.0,,Jack Plummer CAR (11),,,,,,103.0,QB,ppr,,,,,
109.0,,Austin Reed CHI (7),,,,,,104.0,QB,ppr,,,,,
110.0,,Jason Bean IND (14),,,,,,105.0,QB,ppr,,,,,
111.0,,Kedon Slovis HOU (14),,,,,,106.0,QB,ppr,,,,,
112.0,,Carter Bradley LV (10),,,,,,107.0,QB,ppr,,,,,
113.0,,John Rhys Plumlee SEA (10),,,,,,108.0,QB,ppr,,,,,
114.0,,Sam Hartman WAS (14),,,,,,109.0,QB,ppr,,,,,
115.0,,Casey Bauman,,,,,,110.0,QB,ppr,,,,,
116.0,,Nate Sudfeld,,,,,,112.0,QB,ppr,,,,,
117.0,,Luis Perez,,,,,,113.0,QB,ppr,,,,,
118.0,,Alex McGough GB (10),,,,,,114.0,QB,ppr,,,,,
119.0,,Tim Boyle NYG (11),,,,,,115.0,QB,ppr,,,,,
120.0,,Will Grier DAL (7),,,,,,116.0,QB,ppr,,,,,
121.0,,Jacob Eason,,,,,,117.0,QB,ppr,,,,,
122.0,,Jake Luton LV (10),,,,,,118.0,QB,ppr,,,,,
123.0,,Kellen Mond,,,,,,119.0,QB,ppr,,,,,
124.0,,Matt Corral,,,,,,121.0,QB,ppr,,,,,
125.0,,E.J. Perry,,,,,,122.0,QB,ppr,,,,,
126.0,,Dresser Winn,,,,,,123.0,QB,ppr,,,,,
127.0,,Jake Haener NO (12),,,,,,124.0,QB,ppr,,,,,
128.0,,Chevan Cordeiro,,,,,,128.0,QB,ppr,,,,,
129.0,,Emory Jones,,,,,,129.0,QB,ppr,,,,,
130.0,,Andrew Peasley,,,,,,130.0,QB,ppr,,,,,
131.0,,John Paddock,,,,,,131.0,QB,ppr,,,,,
132.0,,Rocky Lombardi,,,,,,132.0,QB,ppr,,,,,
133.0,,Tanner Mordecai SF (9),,,,,,133.0,QB,ppr,,,,,
134.0,,Jacob Sirmon,,,,,,134.0,QB,ppr,,,,,
135.0,,Ben Bryant,,,,,,135.0,QB,ppr,,,,,
,1.0,Christian McCaffrey SF (9) O,1.0,,,1.0,1.0,1.0,RB,ppr,1.0,1.0,,,
,4.0,Bijan Robinson ATL (12),2.0,,,2.0,2.0,2.4,RB,ppr,2.0,3.0,,,
,5.0,Breece Hall NYJ (12),3.0,,,3.0,3.0,2.6,RB,ppr,3.0,2.0,,,
,9.0,Saquon Barkley PHI (5),5.0,,,4.0,4.0,4.2,RB,ppr,4.0,4.0,,,
,11.0,Jonathan Taylor IND (14),4.0,,,6.0,5.0,5.0,RB,ppr,5.0,5.0,,,
,13.0,Jahmyr Gibbs DET (5),6.0,,,5.0,6.0,5.8,RB,ppr,6.0,6.0,,,
,15.0,Kyren Williams LAR (6),8.0,,,7.0,10.0,8.0,RB,ppr,7.0,8.0,,,
,17.0,Travis Etienne Jr. JAC (12),9.0,,,8.0,7.0,8.6,RB,ppr,8.0,10.0,,,
,18.0,Derrick Henry BAL (14),10.0,,,9.0,12.0,9.2,RB,ppr,9.0,7.0,,,
,19.0,Isiah Pacheco KC (6),7.0,,,12.0,11.0,10.0,RB,ppr,10.0,9.0,,,
,25.0,De'Von Achane MIA (6),16.0,,,10.0,9.0,11.6,RB,ppr,11.0,11.0,,,
,26.0,Josh Jacobs GB (10),14.0,,,11.0,8.0,11.8,RB,ppr,12.0,13.0,,,
,29.0,James Cook BUF (12),13.0,,,14.0,13.0,12.8,RB,ppr,13.0,14.0,,,
,32.0,Rachaad White TB (11),11.0,,,13.0,14.0,13.0,RB,ppr,14.0,12.0,,,
,40.0,Alvin Kamara NO (12),12.0,,,16.0,16.0,15.4,RB,ppr,15.0,17.0,,,
,39.0,Joe Mixon HOU (14),15.0,,,15.0,17.0,15.4,RB,ppr,16.0,16.0,,,
,42.0,Kenneth Walker III SEA (10),17.0,,,17.0,15.0,16.2,RB,ppr,17.0,15.0,,,
,52.0,James Conner ARI (11),21.0,,,20.0,21.0,19.6,RB,ppr,18.0,18.0,,,
,56.0,Aaron Jones Sr. MIN (6),20.0,,,18.0,19.0,19.8,RB,ppr,19.0,21.0,,,
,58.0,D'Andre Swift CHI (7),18.0,,,19.0,18.0,20.0,RB,ppr,20.0,22.0,,,
,60.0,David Montgomery DET (5),23.0,,,21.0,25.0,21.6,RB,ppr,21.0,19.0,,,
,67.0,Rhamondre Stevenson NE (14),19.0,,,22.0,20.0,21.8,RB,ppr,22.0,24.0,,,
,66.0,Zamir White LV (10) O,22.0,,,26.0,22.0,22.4,RB,ppr,23.0,23.0,,,
,71.0,Najee Harris PIT (9),24.0,,,23.0,24.0,23.6,RB,ppr,24.0,25.0,,,
,75.0,Raheem Mostert MIA (6),27.0,,,25.0,27.0,24.8,RB,ppr,25.0,20.0,,,
,79.0,Javonte Williams DEN (14),25.0,,,28.0,23.0,26.6,RB,ppr,26.0,30.0,,,
,81.0,Tony Pollard TEN (5),28.0,,,24.0,28.0,26.6,RB,ppr,27.0,27.0,,,
,86.0,Austin Ekeler WAS (14),30.0,,,30.0,34.0,30.8,RB,ppr,28.0,28.0,,,
,88.0,Brian Robinson Jr. WAS (14),26.0,,,35.0,29.0,31.0,RB,ppr,29.0,37.0,,,
,90.0,Devin Singletary NYG (11),32.0,,,33.0,26.0,31.0,RB,ppr,30.0,31.0,,,
,89.0,Jaylen Warren PIT (9),29.0,,,32.0,31.0,31.0,RB,ppr,31.0,29.0,,,
,91.0,Zack Moss CIN (12) O,35.0,,,29.0,30.0,31.8,RB,ppr,32.0,36.0,,,
,96.0,Nick Chubb CLE (10),36.0,,,27.0,37.0,33.2,RB,ppr,33.0,35.0,,,
,94.0,Tyjae Spears TEN (5),31.0,,,34.0,35.0,33.6,RB,ppr,34.0,32.0,,,
,97.0,Jonathon Brooks CAR (11) O,38.0,,,31.0,36.0,34.0,RB,ppr,35.0,26.0,,,
,108.0,Chase Brown CIN (12),34.0,,,39.0,33.0,35.8,RB,ppr,36.0,38.0,,,
,111.0,Jerome Ford CLE (10),37.0,,,41.0,32.0,36.0,RB,ppr,37.0,40.0,,,
,112.0,Ezekiel Elliott DAL (7),33.0,,,38.0,40.0,37.6,RB,ppr,38.0,34.0,,,
,114.0,Gus Edwards LAC (5),40.0,,,37.0,43.0,38.0,RB,ppr,39.0,33.0,,,
,123.0,Blake Corum LAR (6),44.0,,,40.0,39.0,40.6,RB,ppr,40.0,39.0,,,
,130.0,J.K. Dobbins LAC (5),39.0,,,44.0,41.0,41.2,RB,ppr,41.0,44.0,,,
,129.0,Chuba Hubbard CAR (11),41.0,,,43.0,38.0,41.4,RB,ppr,42.0,41.0,,,
,131.0,Trey Benson ARI (11),46.0,,,36.0,42.0,41.8,RB,ppr,43.0,43.0,,,
,144.0,Zach Charbonnet SEA (10),43.0,,,42.0,47.0,44.6,RB,ppr,44.0,42.0,,,
,149.0,Rico Dowdle DAL (7),49.0,,,45.0,44.0,45.0,RB,ppr,45.0,47.0,,,
,152.0,Tyler Allgeier ATL (12),42.0,,,48.0,49.0,46.2,RB,ppr,46.0,45.0,,,
,155.0,Ty Chandler MIN (6),45.0,,,47.0,45.0,46.6,RB,ppr,47.0,50.0,,,
,157.0,Jaleel McLaughlin DEN (14),47.0,,,51.0,46.0,47.6,RB,ppr,48.0,46.0,,,
,164.0,Jaylen Wright MIA (6),52.0,,,46.0,48.0,49.2,RB,ppr,49.0,49.0,,,
,168.0,Antonio Gibson NE (14),48.0,,,49.0,51.0,49.6,RB,ppr,50.0,55.0,,,
,182.0,Khalil Herbert CIN (12),53.0,,,60.0,57.0,54.8,RB,ppr,51.0,48.0,,,
,181.0,Bucky Irving TB (11),50.0,,,58.0,54.0,55.2,RB,ppr,52.0,60.0,,,
,198.0,MarShawn Lloyd GB (10),,,,52.0,52.0,53.0,RB,ppr,53.0,56.0,,,
,199.0,Jordan Mason SF (9),51.0,,,,50.0,54.0,RB,ppr,54.0,65.0,,,
,201.0,Braelon Allen NYJ (12),,,,55.0,55.0,57.0,RB,ppr,55.0,61.0,,,
,207.0,Ray Davis BUF (12),,,,54.0,53.0,59.8,RB,ppr,56.0,77.0,,,
,211.0,Tyrone Tracy Jr. NYG (11),,,,56.0,58.0,62.5,RB,ppr,57.0,78.0,,,
,218.0,Kenneth Gainwell PHI (5),,,,74.0,64.0,63.5,RB,ppr,58.0,57.0,,,
,220.0,Clyde Edwards-Helaire KC (6),,,,61.0,76.0,64.0,RB,ppr,59.0,59.0,,,
,228.0,Dalvin Cook DAL (7),54.0,,,,63.0,56.3,RB,ppr,60.0,52.0,,,
,227.0,Kimani Vidal LAC (5),,,,53.0,56.0,58.7,RB,ppr,61.0,67.0,,,
,232.0,Dameon Pierce HOU (14),,,,59.0,68.0,59.3,RB,ppr,62.0,51.0,,,
,239.0,Carson Steele KC (6),55.0,,,,65.0,61.3,RB,ppr,63.0,64.0,,,
,241.0,Alexander Mattison LV (10),,,,64.0,62.0,63.0,RB,ppr,64.0,63.0,,,
,247.0,Tank Bigsby JAC (12),,,,67.0,59.0,65.0,RB,ppr,65.0,69.0,,,
,248.0,Justice Hill BAL (14),,,,65.0,66.0,65.7,RB,ppr,66.0,66.0,,,
,253.0,Roschon Johnson CHI (7),,,,63.0,67.0,66.7,RB,ppr,67.0,70.0,,,
,259.0,Jamaal Williams NO (12),,,,86.0,60.0,69.3,RB,ppr,68.0,62.0,,,
,261.0,Audric Estime DEN (14),,,,62.0,70.0,70.7,RB,ppr,69.0,80.0,,,
,260.0,Keaton Mitchell BAL (14),,,,69.0,72.0,71.0,RB,ppr,70.0,72.0,,,
,293.0,Kyle Juszczyk SF (9),60.0,,,,,56.5,RB,ppr,71.0,53.0,,,
,263.0,Will Shipley PHI (5),,,,68.0,74.0,72.0,RB,ppr,72.0,74.0,,,
,270.0,Samaje Perine KC (6),,,,88.0,61.0,74.7,RB,ppr,73.0,75.0,,,
,292.0,Kendre Miller NO (12),,,,50.0,,63.0,RB,ppr,74.0,76.0,,,
,305.0,Louis Rees-Zammit JAC (12),59.0,,,,,66.0,RB,ppr,75.0,73.0,,,
,316.0,Jermar Jefferson DET (5),56.0,,,,,72.0,RB,ppr,76.0,88.0,,,
,319.0,J.J. Taylor HOU (14),57.0,,,,,72.0,RB,ppr,77.0,87.0,,,
,284.0,Dylan Laube LV (10),,,,70.0,77.0,81.7,RB,ppr,78.0,98.0,,,
,297.0,Cam Akers MIN (6),84.0,,,,71.0,81.7,RB,ppr,79.0,90.0,,,
,286.0,Trey Sermon IND (14),,,,71.0,73.0,83.7,RB,ppr,80.0,107.0,,,
,281.0,Eric Gray NYG (11),,,,89.0,75.0,82.7,RB,ppr,81.0,84.0,,,
,304.0,Miles Sanders CAR (11),,,,,69.0,74.0,RB,ppr,82.0,79.0,,,
,322.0,Deuce Vaughn DAL (7),,,,83.0,,77.0,RB,ppr,83.0,71.0,,,
,325.0,D'Onta Foreman CLE (10),,,,73.0,,77.0,RB,ppr,84.0,81.0,,,
,374.0,Michael Wiley WAS (14),58.0,,,,,144.0,RB,ppr,85.0,230.0,,,
,354.0,DeWayne McBride,66.0,,,,,80.5,RB,ppr,86.0,95.0,,,
,333.0,Isaac Guerendo SF (9),,,,72.0,,80.5,RB,ppr,87.0,89.0,,,
,387.0,Jacob Saylors,61.0,,,,,138.0,RB,ppr,88.0,215.0,,,
,401.0,Dante Miller NYG (11),62.0,,,,,122.0,RB,ppr,89.0,182.0,,,
,411.0,Raheem Blackshear CAR (11),63.0,,,,,97.0,RB,ppr,90.0,131.0,,,
,364.0,Patrick Taylor Jr. SF (9),64.0,,,,,83.5,RB,ppr,91.0,103.0,,,
,416.0,SaRodorick Thompson Jr.,65.0,,,,,121.0,RB,ppr,92.0,177.0,,,
,429.0,Patrick Ricard BAL (14),67.0,,,,,93.0,RB,ppr,93.0,119.0,,,
,412.0,Cordarrelle Patterson PIT (9),,,,,,68.0,RB,ppr,94.0,68.0,,,
,393.0,Jeff Wilson Jr. MIA (6),87.0,,,,,84.5,RB,ppr,95.0,82.0,,,
,447.0,DeeJay Dallas ARI (11),68.0,,,,,97.0,RB,ppr,96.0,126.0,,,
,370.0,Anthony McFarland Jr.,92.0,,,77.0,,107.0,RB,ppr,97.0,152.0,,,
,448.0,Derek Watt,69.0,,,,,69.0,RB,ppr,98.0,,,,
,439.0,C.J. Ham MIN (6),70.0,,,,,93.5,RB,ppr,99.0,117.0,,,
,463.0,Sione Vaki DET (5),71.0,,,,,103.0,RB,ppr,100.0,135.0,,,
,474.0,Leonard Fournette,72.0,,,,,72.0,RB,ppr,101.0,,,,
,498.0,Travis Homer CHI (7),73.0,,,,,108.5,RB,ppr,102.0,144.0,,,
,500.0,Jakob Johnson,74.0,,,,,138.0,RB,ppr,103.0,202.0,,,
,398.0,Ty'Son Williams,,,,75.0,,75.0,RB,ppr,104.0,,,,
,508.0,Alec Ingold MIA (6),75.0,,,,,137.5,RB,ppr,105.0,200.0,,,
,399.0,Anthony Jones,,,,76.0,,76.0,RB,ppr,106.0,,,,
,510.0,Jake Funk,76.0,,,,,101.5,RB,ppr,107.0,127.0,,,
,414.0,Dylan McDuffie,,,,78.0,,78.0,RB,ppr,108.0,,,,
,511.0,Khari Blasingame PHI (5),78.0,,,,,139.5,RB,ppr,109.0,201.0,,,
,523.0,Justin Jackson,79.0,,,,,79.0,RB,ppr,110.0,,,,
,421.0,Jon Hilliman,,,,80.0,,80.0,RB,ppr,111.0,,,,
,539.0,Blake Watson DEN (14),80.0,,,,,135.5,RB,ppr,112.0,191.0,,,
,545.0,Kareem Hunt KC (6),81.0,,,,,81.0,RB,ppr,113.0,,,,
,391.0,Rasheen Ali BAL (14),,,,81.0,,98.0,RB,ppr,114.0,115.0,,,
,430.0,James White,,,,82.0,,82.0,RB,ppr,115.0,,,,
,547.0,British Brooks HOU (14),82.0,,,,,138.0,RB,ppr,116.0,194.0,,,
,487.0,Keaontay Ingram KC (6),,,,,,83.0,RB,ppr,117.0,83.0,,,
,438.0,J.D. McKissic,,,,84.0,,84.0,RB,ppr,118.0,,,,
,444.0,Corey Clement,,,,85.0,,85.0,RB,ppr,119.0,,,,
,491.0,Ty Johnson BUF (12),,,,,,85.0,RB,ppr,120.0,85.0,,,
,553.0,James Robinson,85.0,,,,,117.0,RB,ppr,121.0,149.0,,,
,559.0,Mark Ingram II,86.0,,,,,86.0,RB,ppr,122.0,,,,
,493.0,Craig Reynolds DET (5),,,,,,86.0,RB,ppr,123.0,86.0,,,
,452.0,Caleb Huntley,,,,87.0,,87.0,RB,ppr,124.0,,,,
,567.0,Hunter Luepke DAL (7),88.0,,,,,132.0,RB,ppr,125.0,176.0,,,
,562.0,Cody Schrader LAR (6),89.0,,,,,112.5,RB,ppr,126.0,136.0,,,
,579.0,Melvin Gordon III,90.0,,,,,90.0,RB,ppr,127.0,,,,
,581.0,Rex Burkhead,91.0,,,,,91.0,RB,ppr,128.0,,,,
,461.0,Malcolm Brown,,,,91.0,,91.0,RB,ppr,129.0,,,,
,512.0,Kenny McIntosh SEA (10),,,,,,91.0,RB,ppr,130.0,91.0,,,
,513.0,Emanuel Wilson GB (10),,,,,,92.0,RB,ppr,131.0,92.0,,,
,514.0,Ameer Abdullah LV (10),,,,,,93.0,RB,ppr,132.0,93.0,,,
,532.0,Kevin Harris NE (14),,,,,,94.0,RB,ppr,133.0,94.0,,,
,601.0,Ellis Merriweather GB (10),94.0,,,,,136.5,RB,ppr,134.0,179.0,,,
,602.0,Jerick McKinnon,95.0,,,,,95.0,RB,ppr,135.0,,,,
,534.0,Israel Abanikanda SF (9),,,,,,96.0,RB,ppr,136.0,96.0,,,
,628.0,Xazavian Valladay NO (12),96.0,,,,,156.5,RB,ppr,137.0,217.0,,,
,632.0,Damien Harris,97.0,,,,,97.0,RB,ppr,138.0,,,,
,538.0,Deneric Prince MIA (6),,,,,,97.0,RB,ppr,139.0,97.0,,,
,636.0,Reggie Gilliam BUF (12),98.0,,,,,127.0,RB,ppr,140.0,156.0,,,
,641.0,Eno Benjamin,99.0,,,,,99.0,RB,ppr,141.0,,,,
,521.0,Frank Gore Jr. BUF (12),,,,,,99.0,RB,ppr,142.0,99.0,,,
,549.0,Dare Ogunbowale HOU (14),,,,,,100.0,RB,ppr,143.0,100.0,,,
,656.0,Joshua Kelley TEN (5),100.0,,,,,126.5,RB,ppr,144.0,153.0,,,
,566.0,Emari Demercado ARI (11),,,,,,101.0,RB,ppr,145.0,101.0,,,
,477.0,Colson Yankoff WAS (14),,,,,,102.0,RB,ppr,146.0,102.0,,,
,595.0,Kene Nwangwu NYJ (12),,,,,,105.0,RB,ppr,147.0,105.0,,,
,597.0,Michael Carter ARI (11),,,,,,106.0,RB,ppr,148.0,106.0,,,
,600.0,Malik Davis DAL (7),,,,,,108.0,RB,ppr,149.0,108.0,,,
,604.0,Ronnie Rivers LAR (6),,,,,,109.0,RB,ppr,150.0,109.0,,,
,607.0,Zach Evans,,,,,,110.0,RB,ppr,151.0,110.0,,,
,609.0,Chris Rodriguez Jr. WAS (14),,,,,,111.0,RB,ppr,152.0,111.0,,,
,616.0,Chris Brooks GB (10),,,,,,112.0,RB,ppr,153.0,112.0,,,
,619.0,Sean Tucker TB (11),,,,,,113.0,RB,ppr,154.0,113.0,,,
,623.0,Jase McClellan ATL (12),,,,,,114.0,RB,ppr,155.0,114.0,,,
,630.0,Brandon Bolden,,,,,,116.0,RB,ppr,156.0,116.0,,,
,645.0,Matt Breida,,,,,,118.0,RB,ppr,157.0,118.0,,,
,648.0,Royce Freeman CHI (7),,,,,,120.0,RB,ppr,158.0,120.0,,,
,655.0,Boston Scott,,,,,,122.0,RB,ppr,159.0,122.0,,,
,662.0,Trayveon Williams CIN (12),,,,,,123.0,RB,ppr,160.0,123.0,,,
,663.0,Andrew Beck HOU (14),,,,,,124.0,RB,ppr,161.0,124.0,,,
,668.0,Salvon Ahmed IND (14),,,,,,125.0,RB,ppr,162.0,125.0,,,
,679.0,Tyler Goodson IND (14),,,,,,128.0,RB,ppr,163.0,128.0,,,
,680.0,Pierre Strong Jr. CLE (10),,,,,,129.0,RB,ppr,164.0,129.0,,,
,580.0,Tyreik McAllister LV (10),,,,,,130.0,RB,ppr,165.0,130.0,,,
,691.0,Hassan Hall,,,,,,133.0,RB,ppr,166.0,133.0,,,
,693.0,Jack Colletto,,,,,,134.0,RB,ppr,167.0,134.0,,,
,701.0,Michael Burton DEN (14),,,,,,137.0,RB,ppr,168.0,137.0,,,
,707.0,Tarik Cohen,,,,,,138.0,RB,ppr,169.0,138.0,,,
,712.0,Nyheim Hines CLE (10),,,,,,140.0,RB,ppr,170.0,140.0,,,
,713.0,Godwin Igwebuike,,,,,,141.0,RB,ppr,171.0,141.0,,,
,719.0,Mike Boone CAR (11),,,,,,142.0,RB,ppr,172.0,142.0,,,
,722.0,Myles Gaskin JAC (12),,,,,,143.0,RB,ppr,173.0,143.0,,,
,743.0,D'Ernest Johnson JAC (12),,,,,,145.0,RB,ppr,174.0,145.0,,,
,744.0,Derrick Gore,,,,,,146.0,RB,ppr,175.0,146.0,,,
,748.0,Jacques Patrick,,,,,,147.0,RB,ppr,176.0,147.0,,,
,754.0,Darrynton Evans CHI (7),,,,,,148.0,RB,ppr,177.0,148.0,,,
,759.0,La'Mical Perine,,,,,,150.0,RB,ppr,178.0,150.0,,,
,760.0,Jonathan Ward PIT (9),,,,,,151.0,RB,ppr,179.0,151.0,,,
,761.0,JaMycal Hasty NE (14),,,,,,154.0,RB,ppr,180.0,154.0,,,
,764.0,Ke'Shawn Vaughn SF (9),,,,,,155.0,RB,ppr,181.0,155.0,,,
,768.0,Spencer Brown,,,,,,157.0,RB,ppr,182.0,157.0,,,
,769.0,Deon Jackson,,,,,,158.0,RB,ppr,183.0,158.0,,,
,773.0,Avery Williams ATL (12),,,,,,159.0,RB,ppr,184.0,159.0,,,
,785.0,Adam Prentice NO (12),,,,,,160.0,RB,ppr,185.0,160.0,,,
,787.0,Jaret Patterson LAC (5),,,,,,161.0,RB,ppr,186.0,161.0,,,
,791.0,Tyler Badie DEN (14),,,,,,162.0,RB,ppr,187.0,162.0,,,
,795.0,Hassan Haskins LAC (5),,,,,,163.0,RB,ppr,188.0,163.0,,,
,797.0,Snoop Conner,,,,,,164.0,RB,ppr,189.0,164.0,,,
,800.0,Brittain Brown SEA (10),,,,,,165.0,RB,ppr,190.0,165.0,,,
,805.0,Isaiah Spiller,,,,,,166.0,RB,ppr,191.0,166.0,,,
,806.0,Tyrion Davis-Price PHI (5),,,,,,167.0,RB,ppr,192.0,167.0,,,
,809.0,Ricky Person Jr.,,,,,,168.0,RB,ppr,193.0,168.0,,,
,814.0,Aaron Shampklin PIT (9),,,,,,169.0,RB,ppr,194.0,169.0,,,
,817.0,Julius Chestnut TEN (5),,,,,,170.0,RB,ppr,195.0,170.0,,,
,824.0,Sincere McCormick LV (10),,,,,,171.0,RB,ppr,196.0,171.0,,,
,827.0,Jashaun Corbin,,,,,,172.0,RB,ppr,197.0,172.0,,,
,836.0,Lew Nichols III,,,,,,173.0,RB,ppr,198.0,173.0,,,
,845.0,Carlos Washington Jr. ATL (12),,,,,,174.0,RB,ppr,199.0,174.0,,,
,846.0,Jordan Mims NO (12),,,,,,175.0,RB,ppr,200.0,175.0,,,
,854.0,Elijah Dotson ATL (12),,,,,,178.0,RB,ppr,201.0,178.0,,,
,862.0,Jawhar Jordan HOU (14),,,,,,180.0,RB,ppr,202.0,180.0,,,
,863.0,Keilan Robinson JAC (12),,,,,,181.0,RB,ppr,203.0,181.0,,,
,842.0,Isaiah Davis NYJ (12),,,,,,183.0,RB,ppr,204.0,183.0,,,
,725.0,Chris Collier LV (10),,,,,,184.0,RB,ppr,205.0,184.0,,,
,723.0,Jarveon Howard,,,,,,185.0,RB,ppr,206.0,185.0,,,
,813.0,George Holani SEA (10),,,,,,186.0,RB,ppr,207.0,186.0,,,
,798.0,Kobe Lewis,,,,,,187.0,RB,ppr,208.0,187.0,,,
,727.0,TaMerik Williams,,,,,,188.0,RB,ppr,209.0,188.0,,,
,796.0,Emani Bailey CAR (11),,,,,,189.0,RB,ppr,210.0,189.0,,,
,822.0,Austin Jones,,,,,,192.0,RB,ppr,211.0,192.0,,,
,735.0,Nathaniel Peat,,,,,,193.0,RB,ppr,212.0,193.0,,,
,739.0,Elijah Collins,,,,,,195.0,RB,ppr,213.0,195.0,,,
,868.0,Dwayne Washington,,,,,,196.0,RB,ppr,214.0,196.0,,,
,869.0,Jeremy McNichols WAS (14),,,,,,197.0,RB,ppr,215.0,197.0,,,
,870.0,John Kelly Jr. LAC (5),,,,,,198.0,RB,ppr,216.0,198.0,,,
,873.0,Nick Bawden,,,,,,199.0,RB,ppr,217.0,199.0,,,
,,Austin Walter,,,,,,203.0,RB,ppr,218.0,203.0,,,
,884.0,Patrick Laird,,,,,,204.0,RB,ppr,219.0,204.0,,,
,893.0,Tony Jones Jr.,,,,,,205.0,RB,ppr,220.0,205.0,,,
,903.0,Demetric Felton Jr.,,,,,,206.0,RB,ppr,221.0,206.0,,,
,907.0,Gerrid Doaks,,,,,,207.0,RB,ppr,222.0,207.0,,,
,909.0,Gary Brightwell CIN (12),,,,,,208.0,RB,ppr,223.0,208.0,,,
,,Nate McCrary,,,,,,209.0,RB,ppr,224.0,209.0,,,
,,Zonovan Knight NYJ (12),,,,,,210.0,RB,ppr,225.0,210.0,,,
,,Zander Horvath,,,,,,211.0,RB,ppr,226.0,211.0,,,
,,Troy Hairston II HOU (14),,,,,,212.0,RB,ppr,227.0,212.0,,,
,915.0,Evan Hull IND (14),,,,,,213.0,RB,ppr,228.0,213.0,,,
,,Robert Burns ATL (12),,,,,,214.0,RB,ppr,229.0,214.0,,,
,926.0,Mohamed Ibrahim,,,,,,216.0,RB,ppr,230.0,216.0,,,
,,Kendall Milton CIN (12),,,,,,218.0,RB,ppr,231.0,218.0,,,
,,Jaden Shirden,,,,,,219.0,RB,ppr,232.0,219.0,,,
,,Noah Cain,,,,,,220.0,RB,ppr,233.0,220.0,,,
,,Aidan Robbins,,,,,,221.0,RB,ppr,234.0,221.0,,,
,,Trent Pennix,,,,,,222.0,RB,ppr,235.0,222.0,,,
,,Deshaun Fenwick,,,,,,223.0,RB,ppr,236.0,223.0,,,
,,Jacob Kibodi,,,,,,224.0,RB,ppr,237.0,224.0,,,
,,Dillon Johnson CAR (11),,,,,,225.0,RB,ppr,238.0,225.0,,,
,,Sam Schnee,,,,,,226.0,RB,ppr,239.0,226.0,,,
,,Jabari Small TEN (5),,,,,,227.0,RB,ppr,240.0,227.0,,,
,,Daijun Edwards,,,,,,228.0,RB,ppr,241.0,228.0,,,
,,D.J. Williams TB (11),,,,,,229.0,RB,ppr,242.0,229.0,,,
,,Jalen Jackson,,,,,,231.0,RB,ppr,243.0,231.0,,,
,,Terrell Jennings NE (14),,,,,,232.0,RB,ppr,244.0,232.0,,,
,,Markese Stepp,,,,,,233.0,RB,ppr,245.0,233.0,,,
,,Ramon Jefferson,,,,,,234.0,RB,ppr,246.0,234.0,,,
,,Kairee Robinson,,,,,,235.0,RB,ppr,247.0,235.0,,,
,2.0,CeeDee Lamb DAL (7),1.0,,,2.0,1.0,1.2,WR,ppr,,1.0,,1.0,
,3.0,Tyreek Hill MIA (6),2.0,,,1.0,2.0,1.8,WR,ppr,,2.0,,2.0,
,6.0,Amon-Ra St. Brown DET (5),3.0,,,5.0,3.0,3.6,WR,ppr,,4.0,,3.0,
,7.0,Ja'Marr Chase CIN (12),4.0,,,4.0,5.0,4.0,WR,ppr,,3.0,,4.0,
,8.0,Justin Jefferson MIN (6),5.0,,,3.0,4.0,4.4,WR,ppr,,5.0,,5.0,
,10.0,A.J. Brown PHI (5),6.0,,,6.0,6.0,6.0,WR,ppr,,6.0,,6.0,
,12.0,Garrett Wilson NYJ (12),7.0,,,7.0,7.0,7.2,WR,ppr,,8.0,,7.0,
,14.0,Puka Nacua LAR (6),8.0,,,9.0,8.0,8.0,WR,ppr,,7.0,,8.0,
,16.0,Marvin Harrison Jr. ARI (11),10.0,,,8.0,9.0,9.0,WR,ppr,,9.0,,9.0,
,20.0,Davante Adams NYJ (12),12.0,,,10.0,10.0,10.6,WR,ppr,,10.0,,10.0,
,23.0,Drake London ATL (12),15.0,,,11.0,11.0,12.6,WR,ppr,,11.0,,11.0,
,24.0,Chris Olave NO (12),9.0,,,12.0,14.0,13.0,WR,ppr,,16.0,,12.0,
,27.0,Nico Collins HOU (14),14.0,,,15.0,12.0,13.2,WR,ppr,,15.0,,13.0,
,30.0,Mike Evans TB (11),11.0,,,14.0,22.0,15.2,WR,ppr,,13.0,,14.0,
,34.0,Deebo Samuel Sr. SF (9),16.0,,,17.0,15.0,15.6,WR,ppr,,17.0,,15.0,
,35.0,Brandon Aiyuk SF (9) O,18.0,,,13.0,21.0,16.2,WR,ppr,,12.0,,16.0,
,37.0,Cooper Kupp LAR (6),22.0,,,20.0,16.0,16.8,WR,ppr,,14.0,,17.0,
,36.0,Michael Pittman Jr. IND (14),13.0,,,21.0,13.0,17.4,WR,ppr,,18.0,,18.0,
,41.0,DK Metcalf SEA (10),17.0,,,22.0,17.0,19.2,WR,ppr,,21.0,,19.0,
,43.0,Jaylen Waddle MIA (6),24.0,,,18.0,19.0,20.2,WR,ppr,,20.0,,20.0,
,44.0,Stefon Diggs HOU (14) O,20.0,,,16.0,20.0,20.4,WR,ppr,,22.0,,21.0,
,45.0,DJ Moore CHI (7),21.0,,,19.0,18.0,20.6,WR,ppr,,24.0,,22.0,
,46.0,DeVonta Smith PHI (5),23.0,,,24.0,23.0,21.4,WR,ppr,,19.0,,23.0,
,49.0,Malik Nabers NYG (11),19.0,,,23.0,24.0,23.2,WR,ppr,,25.0,,24.0,
,54.0,Amari Cooper BUF (12),31.0,,,28.0,27.0,26.4,WR,ppr,,23.0,,25.0,
,57.0,George Pickens PIT (9),29.0,,,27.0,26.0,26.8,WR,ppr,,26.0,,26.0,
,62.0,Zay Flowers BAL (14),25.0,,,25.0,31.0,27.6,WR,ppr,,29.0,,27.0,
,61.0,Tee Higgins CIN (12),27.0,,,29.0,29.0,28.0,WR,ppr,,28.0,,28.0,
,64.0,Tank Dell HOU (14),30.0,,,26.0,33.0,29.2,WR,ppr,,27.0,,29.0,
,68.0,Rashee Rice KC (6) O,28.0,,,33.0,25.0,30.0,WR,ppr,,35.0,,30.0,
,73.0,Terry McLaurin WAS (14),33.0,,,32.0,28.0,31.2,WR,ppr,,32.0,,31.0,
,74.0,Calvin Ridley TEN (5),26.0,,,38.0,34.0,32.2,WR,ppr,,31.0,,32.0,
,76.0,Christian Kirk JAC (12) O,36.0,,,31.0,30.0,32.4,WR,ppr,,30.0,,33.0,
,77.0,Chris Godwin TB (11) O,32.0,,,36.0,32.0,33.6,WR,ppr,,34.0,,34.0,
,78.0,Keenan Allen CHI (7),34.0,,,30.0,35.0,34.2,WR,ppr,,33.0,,35.0,
,83.0,Jayden Reed GB (10),41.0,,,35.0,37.0,36.6,WR,ppr,,37.0,,36.0,
,84.0,Diontae Johnson BAL (14),35.0,,,43.0,36.0,37.4,WR,ppr,,36.0,,37.0,
,85.0,Xavier Worthy KC (6),38.0,,,37.0,39.0,38.2,WR,ppr,,39.0,,38.0,
,92.0,Rome Odunze CHI (7),42.0,,,34.0,44.0,40.8,WR,ppr,,40.0,,39.0,
,93.0,Jaxon Smith-Njigba SEA (10),37.0,,,45.0,38.0,41.2,WR,ppr,,43.0,,40.0,
,98.0,Christian Watson GB (10),39.0,,,46.0,40.0,41.8,WR,ppr,,48.0,,41.0,
,100.0,Keon Coleman BUF (12),43.0,,,42.0,47.0,42.8,WR,ppr,,41.0,,42.0,
,102.0,DeAndre Hopkins KC (6),47.0,,,44.0,41.0,43.4,WR,ppr,,45.0,,43.0,
,101.0,Ladd McConkey LAC (5),45.0,,,40.0,45.0,43.4,WR,ppr,,42.0,,44.0,
,106.0,Marquise Brown KC (6),50.0,,,41.0,49.0,45.0,WR,ppr,,38.0,,45.0,
,107.0,Jordan Addison MIN (6),44.0,,,39.0,48.0,45.0,WR,ppr,,44.0,,46.0,
,110.0,Courtland Sutton DEN (14),40.0,,,49.0,43.0,45.0,WR,ppr,,51.0,,47.0,
,118.0,Brian Thomas Jr. JAC (12),46.0,,,47.0,46.0,46.8,WR,ppr,,49.0,,48.0,
,119.0,Jameson Williams DET (5),53.0,,,48.0,42.0,47.4,WR,ppr,,46.0,,49.0,
,128.0,Khalil Shakir BUF (12),57.0,,,53.0,51.0,51.4,WR,ppr,,47.0,,50.0,
,135.0,Tyler Lockett SEA (10),51.0,,,52.0,57.0,53.0,WR,ppr,,50.0,,51.0,
,140.0,Curtis Samuel BUF (12),58.0,,,50.0,53.0,53.8,WR,ppr,,52.0,,52.0,
,141.0,Jakobi Meyers LV (10),48.0,,,55.0,55.0,54.0,WR,ppr,,59.0,,53.0,
,138.0,Romeo Doubs GB (10),64.0,,,51.0,50.0,54.0,WR,ppr,,53.0,,54.0,
,142.0,Jerry Jeudy CLE (10),52.0,,,56.0,54.0,54.2,WR,ppr,,55.0,,55.0,
,147.0,Mike Williams PIT (9),49.0,,,59.0,56.0,55.2,WR,ppr,,54.0,,56.0,
,150.0,Joshua Palmer LAC (5),59.0,,,57.0,52.0,56.8,WR,ppr,,65.0,,57.0,
,156.0,Adam Thielen CAR (11),55.0,,,64.0,59.0,58.8,WR,ppr,,57.0,,58.0,
,162.0,Gabe Davis JAC (12) O,56.0,,,60.0,58.0,60.2,WR,ppr,,62.0,,59.0,
,163.0,Brandin Cooks DAL (7),66.0,,,63.0,62.0,61.2,WR,ppr,,58.0,,60.0,
,166.0,Adonai Mitchell IND (14),63.0,,,54.0,64.0,61.4,WR,ppr,,64.0,,61.0,
,169.0,Xavier Legette CAR (11),65.0,,,58.0,67.0,63.4,WR,ppr,,61.0,,62.0,
,174.0,Darnell Mooney ATL (12),54.0,,,70.0,63.0,64.4,WR,ppr,,74.0,,63.0,
,173.0,Dontayvion Wicks GB (10),67.0,,,66.0,60.0,64.6,WR,ppr,,66.0,,64.0,
,177.0,Ja'Lynn Polk NE (14),61.0,,,62.0,66.0,64.8,WR,ppr,,72.0,,65.0,
,180.0,Rashid Shaheed NO (12) O,62.0,,,61.0,65.0,65.6,WR,ppr,,80.0,,66.0,
,189.0,DeMario Douglas NE (14),60.0,,,72.0,71.0,69.0,WR,ppr,,75.0,,67.0,
,202.0,Josh Downs IND (14),,,,65.0,69.0,68.3,WR,ppr,,71.0,,68.0,
,215.0,Michael Wilson ARI (11),78.0,,,77.0,61.0,73.3,WR,ppr,,77.0,,69.0,
,226.0,Jahan Dotson PHI (5),,,,68.0,81.0,68.3,WR,ppr,,56.0,,70.0,
,233.0,Jermaine Burton CIN (12),,,,74.0,76.0,72.3,WR,ppr,,67.0,,71.0,
,230.0,Quentin Johnston LAC (5),,,,71.0,70.0,72.3,WR,ppr,,76.0,,72.0,
,235.0,Roman Wilson PIT (9),,,,73.0,83.0,73.0,WR,ppr,,63.0,,73.0,
,245.0,Marvin Mims Jr. DEN (14),,,,80.0,75.0,76.0,WR,ppr,,73.0,,74.0,
,243.0,Rashod Bateman BAL (14),,,,75.0,84.0,76.3,WR,ppr,,70.0,,75.0,
,244.0,Luke McCaffrey WAS (14),,,,76.0,74.0,76.3,WR,ppr,,79.0,,76.0,
,250.0,Wan'Dale Robinson NYG (11),,,,78.0,72.0,77.3,WR,ppr,,82.0,,77.0,
,251.0,Troy Franklin DEN (14),,,,69.0,82.0,78.0,WR,ppr,,83.0,,78.0,
,258.0,Tyler Boyd TEN (5),,,,83.0,80.0,80.3,WR,ppr,,78.0,,79.0,
,276.0,Ricky Pearsall SF (9),,,,67.0,,67.5,WR,ppr,,68.0,,80.0,
,279.0,Malachi Corley NYJ (12),,,,79.0,,69.5,WR,ppr,,60.0,,81.0,
,267.0,Greg Dortch ARI (11),,,,85.0,77.0,84.3,WR,ppr,,91.0,,82.0,
,266.0,Jalen Tolbert DAL (7),,,,86.0,86.0,85.7,WR,ppr,,85.0,,83.0,
,268.0,Demarcus Robinson LAR (6),,,,84.0,78.0,86.0,WR,ppr,,96.0,,84.0,
,294.0,JuJu Smith-Schuster KC (6),69.0,,,,,75.0,WR,ppr,,81.0,,85.0,
,269.0,Darius Slayton NYG (11),,,,95.0,73.0,87.0,WR,ppr,,93.0,,86.0,
,287.0,Odell Beckham Jr. MIA (6),,,,87.0,,78.0,WR,ppr,,69.0,,87.0,
,300.0,Justin Watson KC (6),70.0,,,,,78.5,WR,ppr,,87.0,,88.0,
,273.0,Kadarius Toney,73.0,,,110.0,,89.0,WR,ppr,,84.0,,89.0,
,308.0,Jauan Jennings SF (9),74.0,,,,,84.0,WR,ppr,,94.0,,90.0,
,278.0,Devontez Walker BAL (14),87.0,,,92.0,,93.0,WR,ppr,,100.0,,91.0,
,282.0,Jordan Whittington LAR (6),84.0,,,,85.0,95.7,WR,ppr,,118.0,,92.0,
,302.0,Braxton Berrios MIA (6),68.0,,,,,85.0,WR,ppr,,102.0,,93.0,
,307.0,KaVontae Turpin DAL (7),71.0,,,,,85.0,WR,ppr,,99.0,,94.0,
,309.0,Skyy Moore KC (6),72.0,,,,,85.0,WR,ppr,,98.0,,95.0,
,310.0,Jake Bobo SEA (10),75.0,,,,,85.0,WR,ppr,,95.0,,96.0,
,277.0,Brenden Rice LAC (5),85.0,,,89.0,,93.7,WR,ppr,,107.0,,97.0,
,315.0,Dyami Brown WAS (14),,,,,68.0,98.0,WR,ppr,,128.0,,98.0,
,326.0,Allen Lazard NYJ (12),91.0,,,,,89.5,WR,ppr,,88.0,,99.0,
,311.0,Jalin Hyatt NYG (11),,,,91.0,,90.5,WR,ppr,,90.0,,100.0,
,331.0,Mecole Hardman Jr. KC (6),76.0,,,,,96.5,WR,ppr,,117.0,,101.0,
,394.0,Cornelius Johnson GB (10),77.0,,,,,77.0,WR,ppr,,,,102.0,
,290.0,Javon Baker NE (14),,,,81.0,,93.5,WR,ppr,,106.0,,103.0,
,403.0,Tejhaun Palmer ARI (11),79.0,,,,,79.0,WR,ppr,,,,104.0,
,323.0,Andrei Iosivas CIN (12),,,,,79.0,95.0,WR,ppr,,111.0,,105.0,
,306.0,Jalen McMillan TB (11),,,,82.0,,95.0,WR,ppr,,108.0,,106.0,
,320.0,Tre Tucker LV (10),,,,104.0,,95.0,WR,ppr,,86.0,,107.0,
,407.0,Derius Davis LAC (5),80.0,,,,,160.5,WR,ppr,,241.0,,108.0,
,350.0,Equanimeous St. Brown NO (12),81.0,,,,,103.5,WR,ppr,,126.0,,109.0,
,383.0,Lucky Jackson MIN (6),82.0,,,,,119.0,WR,ppr,,156.0,,110.0,
,424.0,Isaiah Williams CIN (12),83.0,,,,,132.5,WR,ppr,,182.0,,111.0,
,436.0,Britain Covey PHI (5),86.0,,,,,129.5,WR,ppr,,173.0,,112.0,
,299.0,Jonathan Mingo DAL (7),,,,111.0,87.0,111.7,WR,ppr,,137.0,,113.0,
,324.0,Elijah Moore CLE (10),,,,94.0,,99.0,WR,ppr,,104.0,,114.0,
,376.0,David Moore CAR (11),88.0,,,,,117.0,WR,ppr,,146.0,,115.0,
,375.0,DJ Chark Jr. LAC (5),,,,88.0,,125.0,WR,ppr,,162.0,,116.0,
,434.0,Van Jefferson PIT (9),,,,,,89.0,WR,ppr,,89.0,,117.0,
,451.0,Jalen Brooks DAL (7),89.0,,,,,133.0,WR,ppr,,177.0,,118.0,
,336.0,Zay Jones ARI (11),,,,90.0,,105.0,WR,ppr,,120.0,,119.0,
,367.0,Johnny Wilson PHI (5),90.0,,,,,115.5,WR,ppr,,141.0,,120.0,
,443.0,Kalif Raymond DET (5),,,,,,92.0,WR,ppr,,92.0,,121.0,
,404.0,Bo Melton GB (10),92.0,,,,,122.0,WR,ppr,,152.0,,122.0,
,355.0,Tyler Scott CHI (7),93.0,,,,,108.5,WR,ppr,,124.0,,123.0,
,385.0,Julio Jones,94.0,,,,,118.0,WR,ppr,,142.0,,124.0,
,468.0,Dylan Drummond ATL (12),95.0,,,,,95.0,WR,ppr,,,,125.0,
,295.0,Malik Washington MIA (6),,,,96.0,,104.5,WR,ppr,,113.0,,126.0,
,470.0,Xavier Weaver ARI (11),96.0,,,,,178.0,WR,ppr,,260.0,,127.0,
,449.0,Michael Gallup,,,,,,97.0,WR,ppr,,97.0,,128.0,
,349.0,Kendrick Bourne NE (14),,,,97.0,,111.0,WR,ppr,,125.0,,129.0,
,478.0,Charlie Jones CIN (12),97.0,,,,,136.5,WR,ppr,,176.0,,130.0,
,481.0,Josh Gordon,98.0,,,,,98.0,WR,ppr,,,,131.0,
,335.0,A.T. Perry DEN (14),,,,98.0,,105.0,WR,ppr,,112.0,,132.0,
,338.0,K.J. Osborn WAS (14),,,,106.0,,104.5,WR,ppr,,103.0,,133.0,
,379.0,Robert Woods HOU (14),99.0,,,,,115.5,WR,ppr,,132.0,,134.0,
,422.0,Jazz Ferguson,,,,100.0,,100.0,WR,ppr,,,,135.0,
,397.0,Ronnie Bell SF (9),100.0,,,,,119.5,WR,ppr,,139.0,,136.0,
,455.0,Tim Patrick DET (5),,,,,,101.0,WR,ppr,,101.0,,137.0,
,425.0,Jalen Virgil BUF (12),,,,101.0,,212.0,WR,ppr,,323.0,,138.0,
,428.0,Jhamon Ausbon,,,,102.0,,102.0,WR,ppr,,,,139.0,
,431.0,Ethan Fernea,,,,103.0,,213.5,WR,ppr,,324.0,,140.0,
,464.0,Calvin Austin III PIT (9),,,,,,105.0,WR,ppr,,105.0,,141.0,
,446.0,Peter LeBlanc,,,,107.0,,107.0,WR,ppr,,,,142.0,
,450.0,Eli Stove,,,,108.0,,108.0,WR,ppr,,,,143.0,
,471.0,Nelson Agholor BAL (14),,,,,,109.0,WR,ppr,,109.0,,144.0,
,476.0,Donovan Peoples-Jones DET (5),,,,,,110.0,WR,ppr,,110.0,,145.0,
,352.0,Josh Reynolds JAC (12),,,,112.0,,113.0,WR,ppr,,114.0,,146.0,
,486.0,Treylon Burks TEN (5),,,,,,115.0,WR,ppr,,115.0,,147.0,
,466.0,Alec Pierce IND (14),,,,,,116.0,WR,ppr,,116.0,,148.0,
,363.0,D.J. Montgomery IND (14),,,,,,121.0,WR,ppr,,121.0,,149.0,
,504.0,Tutu Atwell LAR (6),,,,,,122.0,WR,ppr,,122.0,,150.0,
,509.0,Justyn Ross KC (6),,,,,,123.0,WR,ppr,,123.0,,151.0,
,378.0,John Metchie III HOU (14),,,,,,129.0,WR,ppr,,129.0,,152.0,
,536.0,Trey Palmer TB (11),,,,,,130.0,WR,ppr,,130.0,,153.0,
,417.0,Ainias Smith PHI (5),,,,,,131.0,WR,ppr,,131.0,,154.0,
,550.0,Ray-Ray McCloud III ATL (12),,,,,,133.0,WR,ppr,,133.0,,155.0,
,406.0,Brandon Powell MIN (6),,,,,,134.0,WR,ppr,,134.0,,156.0,
,552.0,Parris Campbell PHI (5),,,,,,135.0,WR,ppr,,135.0,,157.0,
,560.0,David Bell CLE (10) O,,,,,,136.0,WR,ppr,,136.0,,158.0,
,564.0,Parker Washington JAC (12),,,,,,138.0,WR,ppr,,138.0,,159.0,
,460.0,Malik Heath GB (10),,,,,,140.0,WR,ppr,,140.0,,160.0,
,445.0,Chris Conley SF (9),,,,,,143.0,WR,ppr,,143.0,,161.0,
,575.0,Noah Brown WAS (14),,,,,,144.0,WR,ppr,,144.0,,162.0,
,479.0,Mack Hollins BUF (12),,,,,,145.0,WR,ppr,,145.0,,163.0,
,435.0,Trenton Irwin CAR (11),,,,,,147.0,WR,ppr,,147.0,,164.0,
,589.0,KJ Hamler BUF (12),,,,,,148.0,WR,ppr,,148.0,,165.0,
,592.0,Quez Watkins PIT (9),,,,,,149.0,WR,ppr,,149.0,,166.0,
,594.0,Dez Fitzpatrick LAC (5),,,,,,150.0,WR,ppr,,150.0,,167.0,
,603.0,Samson Nacua,,,,,,153.0,WR,ppr,,153.0,,168.0,
,606.0,Cedric Tillman CLE (10),,,,,,154.0,WR,ppr,,154.0,,169.0,
,614.0,Xavier Gipson NYJ (12),,,,,,155.0,WR,ppr,,155.0,,170.0,
,634.0,DeVante Parker,,,,,,157.0,WR,ppr,,157.0,,171.0,
,638.0,Sterling Shepard TB (11),,,,,,158.0,WR,ppr,,158.0,,172.0,
,577.0,Isaiah McKenzie,,,,,,159.0,WR,ppr,,159.0,,173.0,
,569.0,Marquez Valdes-Scantling NO (12),,,,,,160.0,WR,ppr,,160.0,,174.0,
,651.0,Cedrick Wilson Jr. NO (12),,,,,,161.0,WR,ppr,,161.0,,175.0,
,657.0,Trent Sherfield Sr. MIN (6),,,,,,163.0,WR,ppr,,163.0,,176.0,
,665.0,Olamide Zaccheaus WAS (14),,,,,,164.0,WR,ppr,,164.0,,177.0,
,666.0,Devin Duvernay JAC (12),,,,,,165.0,WR,ppr,,165.0,,178.0,
,527.0,Trishton Jackson MIN (6),,,,,,166.0,WR,ppr,,166.0,,179.0,
,669.0,Nick Westbrook-Ikhine TEN (5),,,,,,167.0,WR,ppr,,167.0,,180.0,
,670.0,Tim Jones JAC (12),,,,,,168.0,WR,ppr,,168.0,,181.0,
,555.0,Tylan Wallace BAL (14),,,,,,169.0,WR,ppr,,169.0,,182.0,
,674.0,Dee Eskridge MIA (6),,,,,,170.0,WR,ppr,,170.0,,183.0,
,499.0,Velus Jones Jr. CAR (11),,,,,,171.0,WR,ppr,,171.0,,184.0,
,495.0,Jalen Nailor MIN (6),,,,,,172.0,WR,ppr,,172.0,,185.0,
,681.0,Dareke Young SEA (10),,,,,,174.0,WR,ppr,,174.0,,186.0,
,683.0,Brandon Johnson PIT (9),,,,,,175.0,WR,ppr,,175.0,,187.0,
,690.0,Duece Watts,,,,,,178.0,WR,ppr,,178.0,,188.0,
,531.0,Jamari Thrash CLE (10),,,,,,179.0,WR,ppr,,179.0,,189.0,
,501.0,Ryan Flournoy DAL (7),,,,,,180.0,WR,ppr,,180.0,,190.0,
,675.0,Jacob Cowing SF (9),,,,,,181.0,WR,ppr,,181.0,,191.0,
,694.0,Allen Robinson II DET (5),,,,,,183.0,WR,ppr,,183.0,,192.0,
,695.0,Martavis Bryant,,,,,,184.0,WR,ppr,,184.0,,193.0,
,698.0,Jamison Crowder WAS (14),,,,,,185.0,WR,ppr,,185.0,,194.0,
,699.0,Phillip Dorsett II ATL (12),,,,,,186.0,WR,ppr,,186.0,,195.0,
,649.0,Chris Moore,,,,,,187.0,WR,ppr,,187.0,,196.0,
,704.0,Robbie Chosen,,,,,,188.0,WR,ppr,,188.0,,197.0,
,706.0,John Ross,,,,,,189.0,WR,ppr,,189.0,,198.0,
,593.0,Trent Taylor SF (9),,,,,,190.0,WR,ppr,,190.0,,199.0,
,570.0,Zach Pascal ARI (11),,,,,,191.0,WR,ppr,,191.0,,200.0,
,540.0,River Cracraft MIA (6),,,,,,192.0,WR,ppr,,192.0,,201.0,
,711.0,Daurice Fountain,,,,,,193.0,WR,ppr,,193.0,,202.0,
,714.0,James Washington,,,,,,194.0,WR,ppr,,194.0,,203.0,
,718.0,Russell Gage SF (9),,,,,,195.0,WR,ppr,,195.0,,204.0,
,720.0,KhaDarel Hodge ATL (12),,,,,,196.0,WR,ppr,,196.0,,205.0,
,729.0,N'Keal Harry,,,,,,197.0,WR,ppr,,197.0,,206.0,
,533.0,Scotty Miller PIT (9),,,,,,198.0,WR,ppr,,198.0,,207.0,
,736.0,Tyron Billy-Johnson,,,,,,199.0,WR,ppr,,199.0,,208.0,
,738.0,Davion Davis,,,,,,200.0,WR,ppr,,200.0,,209.0,
,590.0,Deonte Harty BAL (14),,,,,,201.0,WR,ppr,,201.0,,210.0,
,611.0,Gunner Olszewski NYG (11),,,,,,202.0,WR,ppr,,202.0,,211.0,
,747.0,Isaiah Hodgins NYG (11),,,,,,203.0,WR,ppr,,203.0,,212.0,
,752.0,Tyrie Cleveland,,,,,,204.0,WR,ppr,,204.0,,213.0,
,756.0,Collin Johnson CHI (7),,,,,,205.0,WR,ppr,,205.0,,214.0,
,646.0,Laviska Shenault Jr. LAC (5),,,,,,206.0,WR,ppr,,206.0,,215.0,
,757.0,Easop Winston Jr. NYJ (12),,,,,,207.0,WR,ppr,,207.0,,216.0,
,758.0,Denzel Mims,,,,,,208.0,WR,ppr,,208.0,,217.0,
,763.0,Freddie Swain,,,,,,209.0,WR,ppr,,209.0,,218.0,
,765.0,Marquez Callaway TB (11),,,,,,210.0,WR,ppr,,210.0,,219.0,
,766.0,Kristian Wilkerson LV (10),,,,,,211.0,WR,ppr,,211.0,,220.0,
,770.0,DJ Turner LV (10),,,,,,212.0,WR,ppr,,212.0,,221.0,
,771.0,Mathew Sexton,,,,,,213.0,WR,ppr,,213.0,,222.0,
,774.0,Terrace Marshall Jr. LV (10),,,,,,214.0,WR,ppr,,214.0,,223.0,
,775.0,Simi Fehoko LAC (5),,,,,,215.0,WR,ppr,,215.0,,224.0,
,777.0,Cornell Powell SEA (10),,,,,,216.0,WR,ppr,,216.0,,225.0,
,778.0,Ben Skowronek PIT (9),,,,,,217.0,WR,ppr,,217.0,,226.0,
,780.0,Ihmir Smith-Marsette NYG (11),,,,,,218.0,WR,ppr,,218.0,,227.0,
,781.0,Kawaan Baker,,,,,,219.0,WR,ppr,,219.0,,228.0,
,786.0,Austin Watkins Jr.,,,,,,220.0,WR,ppr,,220.0,,229.0,
,788.0,Michael Bandy DEN (14),,,,,,221.0,WR,ppr,,221.0,,230.0,
,792.0,Michael Woods II CLE (10),,,,,,222.0,WR,ppr,,222.0,,231.0,
,793.0,Montrell Washington KC (6),,,,,,223.0,WR,ppr,,223.0,,232.0,
,794.0,Samori Toure CHI (7),,,,,,224.0,WR,ppr,,224.0,,233.0,
,801.0,Erik Ezukanma MIA (6),,,,,,225.0,WR,ppr,,225.0,,234.0,
,802.0,Tyquan Thornton KC (6),,,,,,226.0,WR,ppr,,226.0,,235.0,
,807.0,Danny Gray PHI (5),,,,,,227.0,WR,ppr,,227.0,,236.0,
,811.0,Kyric McGowan,,,,,,228.0,WR,ppr,,228.0,,237.0,
,820.0,Johnny Johnson III HOU (14),,,,,,229.0,WR,ppr,,229.0,,238.0,
,826.0,Braylon Sanders NE (14),,,,,,230.0,WR,ppr,,230.0,,239.0,
,830.0,Tay Martin TEN (5),,,,,,231.0,WR,ppr,,231.0,,240.0,
,831.0,Deven Thompkins CAR (11),,,,,,232.0,WR,ppr,,232.0,,241.0,
,832.0,Daylen Baldwin,,,,,,233.0,WR,ppr,,233.0,,242.0,
,833.0,Maurice Alexander DET (5),,,,,,234.0,WR,ppr,,234.0,,243.0,
,834.0,Josh Ali,,,,,,235.0,WR,ppr,,235.0,,244.0,
,835.0,Justin Shorter LV (10),,,,,,236.0,WR,ppr,,236.0,,245.0,
,615.0,Antoine Green DET (5),,,,,,237.0,WR,ppr,,237.0,,246.0,
,543.0,Xavier Hutchinson HOU (14),,,,,,238.0,WR,ppr,,238.0,,247.0,
,837.0,Xavier Smith LAR (6),,,,,,239.0,WR,ppr,,239.0,,248.0,
,537.0,Kayshon Boutte NE (14),,,,,,240.0,WR,ppr,,240.0,,249.0,
,841.0,Thyrick Pitts,,,,,,242.0,WR,ppr,,242.0,,250.0,
,843.0,Jason Brownlee NYJ (12),,,,,,243.0,WR,ppr,,243.0,,251.0,
,844.0,Nikko Remigio KC (6),,,,,,244.0,WR,ppr,,244.0,,252.0,
,847.0,Shedrick Jackson LV (10),,,,,,245.0,WR,ppr,,245.0,,253.0,
,850.0,Jared Wayne HOU (14),,,,,,246.0,WR,ppr,,246.0,,254.0,
,851.0,Elijah Cooks JAC (12),,,,,,247.0,WR,ppr,,247.0,,255.0,
,852.0,Isaiah Winstead,,,,,,248.0,WR,ppr,,248.0,,256.0,
,853.0,Tre'Shaun Harrison,,,,,,249.0,WR,ppr,,249.0,,257.0,
,855.0,Rakim Jarrett TB (11),,,,,,250.0,WR,ppr,,250.0,,258.0,
,856.0,Kazmeir Allen WAS (14),,,,,,251.0,WR,ppr,,251.0,,259.0,
,859.0,Casey Washington ATL (12),,,,,,252.0,WR,ppr,,252.0,,260.0,
,620.0,Devaughn Vele DEN (14),,,,,,253.0,WR,ppr,,253.0,,261.0,
,789.0,Dayton Wade BAL (14),,,,,,254.0,WR,ppr,,254.0,,262.0,
,734.0,Dee Williams NYG (11),,,,,,255.0,WR,ppr,,255.0,,263.0,
,812.0,Phillip Brooks,,,,,,256.0,WR,ppr,,256.0,,264.0,
,799.0,Isaiah Wooden,,,,,,258.0,WR,ppr,,258.0,,265.0,
,804.0,Ahmarean Brown,,,,,,259.0,WR,ppr,,259.0,,266.0,
,819.0,Terique Owens SF (9),,,,,,261.0,WR,ppr,,261.0,,267.0,
,864.0,Jordan Matthews CAR (11),,,,,,262.0,WR,ppr,,262.0,,268.0,
,,Willie Snead IV,,,,,,263.0,WR,ppr,,263.0,,269.0,
,,Damiere Byrd,,,,,,264.0,WR,ppr,,264.0,,270.0,
,626.0,DeAndre Carter CHI (7),,,,,,265.0,WR,ppr,,265.0,,271.0,
,865.0,Laquon Treadwell IND (14),,,,,,266.0,WR,ppr,,266.0,,272.0,
,,Greg Ward,,,,,,267.0,WR,ppr,,267.0,,273.0,
,871.0,Anthony Miller BAL (14),,,,,,268.0,WR,ppr,,268.0,,274.0,
,490.0,Byron Pringle,,,,,,270.0,WR,ppr,,270.0,,275.0,
,874.0,Deontay Burnett,,,,,,272.0,WR,ppr,,272.0,,276.0,
,875.0,Deon Cain,,,,,,273.0,WR,ppr,,273.0,,277.0,
,877.0,Cam Sims,,,,,,274.0,WR,ppr,,274.0,,278.0,
,881.0,Keith Kirkwood BAL (14),,,,,,275.0,WR,ppr,,275.0,,279.0,
,,Malik Turner,,,,,,276.0,WR,ppr,,276.0,,280.0,
,,Keelan Doss,,,,,,277.0,WR,ppr,,277.0,,281.0,
,,Hakeem Butler,,,,,,278.0,WR,ppr,,278.0,,282.0,
,,Stanley Morgan Jr. TEN (5),,,,,,279.0,WR,ppr,,279.0,,283.0,
,,Kelvin Harmon DAL (7),,,,,,280.0,WR,ppr,,280.0,,284.0,
,,Miles Boykin SEA (10),,,,,,281.0,WR,ppr,,281.0,,285.0,
,631.0,Ashton Dulin IND (14),,,,,,282.0,WR,ppr,,282.0,,286.0,
,588.0,Lil'Jordan Humphrey DEN (14),,,,,,283.0,WR,ppr,,283.0,,287.0,
,,Andy Isabella,,,,,,284.0,WR,ppr,,284.0,,288.0,
,,David Sills V DEN (14),,,,,,285.0,WR,ppr,,285.0,,289.0,
,,Cody Thompson TB (11),,,,,,286.0,WR,ppr,,286.0,,290.0,
,,Jalen Guyton,,,,,,287.0,WR,ppr,,287.0,,291.0,
,,Jeff Smith,,,,,,288.0,WR,ppr,,288.0,,292.0,
,528.0,Steven Sims Jr. HOU (14),,,,,,291.0,WR,ppr,,291.0,,293.0,
,885.0,Alex Bachman LV (10),,,,,,292.0,WR,ppr,,292.0,,294.0,
,886.0,Tom Kennedy DET (5),,,,,,294.0,WR,ppr,,294.0,,295.0,
,887.0,Marcus Simms,,,,,,295.0,WR,ppr,,295.0,,296.0,
,888.0,James Proche II CLE (10),,,,,,296.0,WR,ppr,,296.0,,297.0,
,,Scotty Washington BAL (14),,,,,,297.0,WR,ppr,,297.0,,298.0,
,890.0,Andre Baccellia ARI (11),,,,,,298.0,WR,ppr,,298.0,,299.0,
,891.0,Cody White SEA (10),,,,,,299.0,WR,ppr,,299.0,,300.0,
,892.0,Dan Chisena CAR (11),,,,,,300.0,WR,ppr,,300.0,,301.0,
,894.0,Austin Mack,,,,,,301.0,WR,ppr,,301.0,,302.0,
,895.0,Jalen Reagor LAC (5),,,,,,302.0,WR,ppr,,302.0,,303.0,
,898.0,Mason Kinsey TEN (5),,,,,,303.0,WR,ppr,,303.0,,304.0,
,506.0,Chris Blair ATL (12),,,,,,304.0,WR,ppr,,304.0,,305.0,
,899.0,Tarik Black MIA (6),,,,,,305.0,WR,ppr,,305.0,,306.0,
,900.0,Michael Strachan WAS (14),,,,,,306.0,WR,ppr,,306.0,,307.0,
,902.0,Shi Smith,,,,,,307.0,WR,ppr,,307.0,,308.0,
,904.0,Seth Williams DAL (7),,,,,,309.0,WR,ppr,,309.0,,309.0,
,905.0,Racey McMath,,,,,,310.0,WR,ppr,,310.0,,310.0,
,906.0,Jalen Camp,,,,,,311.0,WR,ppr,,311.0,,311.0,
,911.0,Jaelon Darden SEA (10),,,,,,312.0,WR,ppr,,312.0,,312.0,
,,Austin Trammell JAC (12),,,,,,313.0,WR,ppr,,313.0,,313.0,
,,Brandon Smith NYJ (12),,,,,,314.0,WR,ppr,,314.0,,314.0,
,,Kyle Philips PHI (5),,,,,,315.0,WR,ppr,,315.0,,315.0,
,,Lance McCutcheon,,,,,,316.0,WR,ppr,,316.0,,316.0,
,,Raleigh Webb,,,,,,317.0,WR,ppr,,317.0,,317.0,
,,Kwamie Lassiter II,,,,,,318.0,WR,ppr,,318.0,,318.0,
,,Kendric Pryor CIN (12),,,,,,319.0,WR,ppr,,319.0,,319.0,
,,Mike Harley Jr.,,,,,,320.0,WR,ppr,,320.0,,320.0,
,,Dennis Houston TB (11),,,,,,321.0,WR,ppr,,321.0,,321.0,
,,Kaden Davis CLE (10),,,,,,322.0,WR,ppr,,322.0,,322.0,
,,Kevin Austin Jr. NO (12),,,,,,325.0,WR,ppr,,325.0,,323.0,
,,Justin Hall,,,,,,326.0,WR,ppr,,326.0,,324.0,
,,Jontre Kirklin,,,,,,327.0,WR,ppr,,327.0,,325.0,
,913.0,Grant DuBose MIA (6),,,,,,328.0,WR,ppr,,328.0,,326.0,
,914.0,Colton Dowell TEN (5),,,,,,329.0,WR,ppr,,329.0,,327.0,
,918.0,Sean Ryan,,,,,,330.0,WR,ppr,,330.0,,328.0,
,919.0,Zavier Scott MIN (6),,,,,,331.0,WR,ppr,,331.0,,329.0,
,652.0,Bryce Ford-Wheaton NYG (11),,,,,,332.0,WR,ppr,,332.0,,330.0,
,920.0,T.J. Luther CAR (11),,,,,,333.0,WR,ppr,,333.0,,331.0,
,921.0,Joseph Ngata,,,,,,334.0,WR,ppr,,334.0,,332.0,
,922.0,Ty Scott,,,,,,335.0,WR,ppr,,335.0,,333.0,
,923.0,Jalen Wayne,,,,,,336.0,WR,ppr,,336.0,,334.0,
,924.0,Jalen Cropper DAL (7),,,,,,337.0,WR,ppr,,337.0,,335.0,
,925.0,David Durden,,,,,,338.0,WR,ppr,,338.0,,336.0,
,927.0,Jaray Jenkins,,,,,,340.0,WR,ppr,,340.0,,337.0,
,928.0,Daniel Arias,,,,,,341.0,WR,ppr,,341.0,,338.0,
,930.0,Daewood Davis,,,,,,342.0,WR,ppr,,342.0,,339.0,
,931.0,Thayer Thomas MIN (6),,,,,,343.0,WR,ppr,,343.0,,340.0,
,932.0,Malik Knowles,,,,,,344.0,WR,ppr,,344.0,,341.0,
,933.0,Cephus Johnson III,,,,,,345.0,WR,ppr,,345.0,,342.0,
,934.0,Shaquan Davis,,,,,,346.0,WR,ppr,,346.0,,343.0,
,935.0,Matt Landers,,,,,,347.0,WR,ppr,,347.0,,344.0,
,936.0,Griffin Hebert,,,,,,348.0,WR,ppr,,348.0,,345.0,
,937.0,Tyrell Shavers BUF (12),,,,,,349.0,WR,ppr,,349.0,,346.0,
,938.0,Bryan Thompson,,,,,,350.0,WR,ppr,,350.0,,347.0,
,22.0,Travis Kelce KC (6),1.0,,,1.0,2.0,1.2,TE,ppr,,1.0,,,1.0
,33.0,Sam LaPorta DET (5),2.0,,,2.0,1.0,1.8,TE,ppr,,2.0,,,2.0
,47.0,Mark Andrews BAL (14),3.0,,,3.0,5.0,3.6,TE,ppr,,4.0,,,3.0
,48.0,Trey McBride ARI (11),4.0,,,4.0,4.0,3.8,TE,ppr,,3.0,,,4.0
,51.0,Dalton Kincaid BUF (12),7.0,,,5.0,3.0,5.2,TE,ppr,,6.0,,,5.0
,53.0,George Kittle SF (9),5.0,,,6.0,7.0,5.8,TE,ppr,,5.0,,,6.0
,65.0,Evan Engram JAC (12),6.0,,,8.0,6.0,7.0,TE,ppr,,8.0,,,7.0
,63.0,Kyle Pitts ATL (12),8.0,,,7.0,8.0,7.6,TE,ppr,,7.0,,,8.0
,80.0,Jake Ferguson DAL (7),9.0,,,11.0,9.0,9.6,TE,ppr,,9.0,,,9.0
,82.0,David Njoku CLE (10),10.0,,,10.0,10.0,9.8,TE,ppr,,10.0,,,10.0
,95.0,Brock Bowers LV (10),11.0,,,9.0,11.0,10.8,TE,ppr,,12.0,,,11.0
,105.0,Dallas Goedert PHI (5),12.0,,,12.0,12.0,11.8,TE,ppr,,11.0,,,12.0
,120.0,Dalton Schultz HOU (14),14.0,,,13.0,14.0,13.4,TE,ppr,,13.0,,,13.0
,121.0,T.J. Hockenson MIN (6),13.0,,,14.0,13.0,14.0,TE,ppr,,14.0,,,14.0
,133.0,Pat Freiermuth PIT (9),15.0,,,16.0,15.0,15.2,TE,ppr,,15.0,,,15.0
,137.0,Cole Kmet CHI (7),18.0,,,15.0,16.0,15.8,TE,ppr,,16.0,,,16.0
,165.0,Luke Musgrave GB (10),22.0,,,17.0,18.0,18.2,TE,ppr,,17.0,,,17.0
,171.0,Isaiah Likely BAL (14),20.0,,,20.0,21.0,19.4,TE,ppr,,18.0,,,18.0
,172.0,Tyler Conklin NYJ (12),17.0,,,23.0,19.0,20.6,TE,ppr,,25.0,,,19.0
,196.0,Taysom Hill NO (12) O,16.0,,,21.0,17.0,18.5,TE,ppr,,20.0,,,20.0
,193.0,Zach Ertz WAS (14),23.0,,,33.0,29.0,25.8,TE,ppr,,24.0,,,21.0
,200.0,Hunter Henry NE (14),,,,22.0,20.0,21.5,TE,ppr,,23.0,,,22.0
,206.0,Chig Okonkwo TEN (5),19.0,,,24.0,22.0,22.8,TE,ppr,,26.0,,,23.0
,217.0,Jonnu Smith MIA (6),,,,28.0,23.0,26.0,TE,ppr,,31.0,,,24.0
,222.0,Mike Gesicki CIN (12),29.0,,,26.0,28.0,27.5,TE,ppr,,27.0,,,25.0
,225.0,Cade Otton TB (11),,,,19.0,24.0,21.3,TE,ppr,,21.0,,,26.0
,229.0,Dawson Knox BUF (12),21.0,,,30.0,,23.3,TE,ppr,,19.0,,,27.0
,234.0,Ben Sinnott WAS (14),,,,18.0,30.0,25.7,TE,ppr,,29.0,,,28.0
,256.0,Ja'Tavion Sanders CAR (11),28.0,,,27.0,,29.7,TE,ppr,,34.0,,,29.0
,255.0,Noah Fant SEA (10),,,,25.0,25.0,30.0,TE,ppr,,40.0,,,30.0
,262.0,Colby Parkinson LAR (6),,,,31.0,27.0,31.7,TE,ppr,,37.0,,,31.0
,264.0,Greg Dulcich NYG (11),,,,32.0,31.0,31.7,TE,ppr,,32.0,,,32.0
,283.0,Darren Waller,24.0,,,,,23.0,TE,ppr,,22.0,,,33.0
,265.0,Juwan Johnson NO (12),,,,37.0,26.0,33.0,TE,ppr,,36.0,,,34.0
,271.0,Michael Mayer LV (10),41.0,,,35.0,,34.7,TE,ppr,,28.0,,,35.0
,291.0,Noah Gray KC (6),25.0,,,,,27.5,TE,ppr,,30.0,,,36.0
,301.0,Tucker Kraft GB (10),,,,34.0,,33.5,TE,ppr,,33.0,,,37.0
,318.0,Durham Smythe MIA (6),31.0,,,,,35.0,TE,ppr,,39.0,,,38.0
,327.0,Darnell Washington PIT (9),32.0,,,,,36.5,TE,ppr,,41.0,,,39.0
,312.0,Hayden Hurst LAC (5),,,,38.0,,38.0,TE,ppr,,38.0,,,40.0
,330.0,Luke Schoonmaker DAL (7),26.0,,,,,38.5,TE,ppr,,51.0,,,41.0
,334.0,Cade Stover HOU (14),36.0,,,,,39.0,TE,ppr,,42.0,,,42.0
,345.0,Brock Wright DET (5),27.0,,,,,43.0,TE,ppr,,59.0,,,43.0
,340.0,Connor Heyward PIT (9),30.0,,,,,40.0,TE,ppr,,50.0,,,44.0
,341.0,Jared Wiley KC (6),34.0,,,,,40.0,TE,ppr,,46.0,,,45.0
,348.0,Theo Johnson NYG (11) O,,,,29.0,,46.0,TE,ppr,,63.0,,,46.0
,342.0,Brevin Jordan HOU (14) O,38.0,,,,,41.5,TE,ppr,,45.0,,,47.0
,296.0,Daniel Bellinger NYG (11),46.0,,,40.0,,44.7,TE,ppr,,48.0,,,48.0
,418.0,Cole Fotheringham LV (10),33.0,,,,,104.5,TE,ppr,,176.0,,,49.0
,413.0,Gerald Everett CHI (7),,,,,,35.0,TE,ppr,,35.0,,,50.0
,329.0,Tyler Higbee LAR (6),,,,43.0,,43.0,TE,ppr,,43.0,,,51.0
,432.0,Grant Calcaterra PHI (5),35.0,,,,,61.0,TE,ppr,,87.0,,,52.0
,365.0,Elijah Higgins ARI (11),37.0,,,,,49.0,TE,ppr,,61.0,,,53.0
,410.0,Charlie Taumoepeau,,,,39.0,,39.0,TE,ppr,,,,,54.0
,362.0,Josh Oliver MIN (6),39.0,,,,,48.0,TE,ppr,,57.0,,,55.0
,388.0,Adam Trautman DEN (14),40.0,,,,,54.0,TE,ppr,,68.0,,,56.0
,419.0,MyCole Pruitt PIT (9),,,,41.0,,68.5,TE,ppr,,96.0,,,57.0
,467.0,Armani Rogers ATL (12),42.0,,,,,83.0,TE,ppr,,124.0,,,58.0
,437.0,Eric Tomlinson LAC (5),,,,42.0,,95.0,TE,ppr,,148.0,,,59.0
,389.0,Julian Hill MIA (6),43.0,,,,,52.5,TE,ppr,,62.0,,,60.0
,368.0,Davis Allen LAR (6),44.0,,,,,49.0,TE,ppr,,54.0,,,61.0
,405.0,Austin Hooper NE (14),45.0,,,,,54.5,TE,ppr,,64.0,,,62.0
,400.0,Tanner Hudson CIN (12),,,,,,47.0,TE,ppr,,47.0,,,63.0
,371.0,Mo Alie-Cox IND (14),47.0,,,,,50.0,TE,ppr,,53.0,,,64.0
,494.0,Drew Ogletree IND (14),48.0,,,,,67.0,TE,ppr,,86.0,,,65.0
,505.0,Shane Zylstra DET (5),,,,,,49.0,TE,ppr,,49.0,,,66.0
,496.0,Drew Sample CIN (12),49.0,,,,,77.0,TE,ppr,,105.0,,,67.0
,441.0,Pharaoh Brown SEA (10),50.0,,,,,57.5,TE,ppr,,65.0,,,68.0
,475.0,Will Mallory IND (14),,,,,,52.0,TE,ppr,,52.0,,,69.0
,420.0,AJ Barner SEA (10),,,,,,55.0,TE,ppr,,55.0,,,70.0
,453.0,Johnny Mundt MIN (6),,,,,,56.0,TE,ppr,,56.0,,,71.0
,557.0,Kylen Granson IND (14),,,,,,58.0,TE,ppr,,58.0,,,72.0
,423.0,Peyton Hendershot KC (6),,,,,,60.0,TE,ppr,,60.0,,,73.0
,482.0,Jordan Akins CLE (10),,,,,,66.0,TE,ppr,,66.0,,,74.0
,584.0,Donald Parham Jr. DEN (14),,,,,,67.0,TE,ppr,,67.0,,,75.0
,586.0,Jeremy Ruckert NYJ (12),,,,,,69.0,TE,ppr,,69.0,,,76.0
,612.0,E.J. Jenkins PHI (5),,,,,,70.0,TE,ppr,,70.0,,,77.0
,617.0,Jaheim Bell NE (14),,,,,,71.0,TE,ppr,,71.0,,,78.0
,492.0,Marcedes Lewis CHI (7),,,,,,72.0,TE,ppr,,72.0,,,79.0
,637.0,C.J. Uzomah PHI (5),,,,,,73.0,TE,ppr,,73.0,,,80.0
,654.0,Will Dissly LAC (5),,,,,,74.0,TE,ppr,,74.0,,,81.0
,659.0,Foster Moreau NO (12),,,,,,75.0,TE,ppr,,75.0,,,82.0
,664.0,Irv Smith Jr. HOU (14),,,,,,76.0,TE,ppr,,76.0,,,83.0
,667.0,Harrison Bryant LV (10),,,,,,78.0,TE,ppr,,78.0,,,84.0
,671.0,Kenny Yeboah NYJ (12),,,,,,79.0,TE,ppr,,79.0,,,85.0
,672.0,Tommy Tremble CAR (11),,,,,,80.0,TE,ppr,,80.0,,,86.0
,673.0,Tre' McKitty CLE (10),,,,,,81.0,TE,ppr,,81.0,,,87.0
,639.0,John Bates WAS (14),,,,,,82.0,TE,ppr,,82.0,,,88.0
,676.0,Jack Stoll MIA (6),,,,,,83.0,TE,ppr,,83.0,,,89.0
,677.0,John FitzPatrick GB (10),,,,,,84.0,TE,ppr,,84.0,,,90.0
,678.0,James Mitchell DET (5),,,,,,85.0,TE,ppr,,85.0,,,91.0
,598.0,Lucas Krull DEN (14),,,,,,88.0,TE,ppr,,88.0,,,92.0
,686.0,Josh Whyle TEN (5),,,,,,89.0,TE,ppr,,89.0,,,93.0
,573.0,Brenton Strange JAC (12),,,,,,90.0,TE,ppr,,90.0,,,94.0
,687.0,Cameron Latu CLE (10),,,,,,91.0,TE,ppr,,91.0,,,95.0
,688.0,Payne Durham TB (11),,,,,,92.0,TE,ppr,,92.0,,,96.0
,551.0,Princeton Fant DAL (7),,,,,,93.0,TE,ppr,,93.0,,,97.0
,633.0,Devin Culp TB (11),,,,,,94.0,TE,ppr,,94.0,,,98.0
,696.0,Logan Thomas,,,,,,95.0,TE,ppr,,95.0,,,99.0
,700.0,Chris Manhertz NYG (11),,,,,,97.0,TE,ppr,,97.0,,,100.0
,583.0,Eric Saubert SF (9),,,,,,98.0,TE,ppr,,98.0,,,101.0
,708.0,Anthony Firkser KC (6),,,,,,99.0,TE,ppr,,99.0,,,102.0
,710.0,Robert Tonyan,,,,,,100.0,TE,ppr,,100.0,,,103.0
,618.0,Ian Thomas CAR (11),,,,,,101.0,TE,ppr,,101.0,,,104.0
,715.0,David Wells,,,,,,102.0,TE,ppr,,102.0,,,105.0
,726.0,Tyree Jackson,,,,,,103.0,TE,ppr,,103.0,,,106.0
,728.0,Zach Gentry,,,,,,104.0,TE,ppr,,104.0,,,107.0
,740.0,Stephen Carlson CHI (7),,,,,,106.0,TE,ppr,,106.0,,,108.0
,578.0,Parker Hesse,,,,,,107.0,TE,ppr,,107.0,,,109.0
,750.0,Mitchell Wilcox NE (14),,,,,,108.0,TE,ppr,,108.0,,,110.0
,751.0,Sean McKeon IND (14),,,,,,109.0,TE,ppr,,109.0,,,111.0
,520.0,Albert Okwuegbunam Jr.,,,,,,110.0,TE,ppr,,110.0,,,112.0
,753.0,Josiah Deguara JAC (12),,,,,,111.0,TE,ppr,,111.0,,,113.0
,608.0,Charlie Woerner ATL (12),,,,,,113.0,TE,ppr,,113.0,,,114.0
,762.0,Tyler Mabry SEA (10),,,,,,114.0,TE,ppr,,114.0,,,115.0
,767.0,Lawrence Cager,,,,,,115.0,TE,ppr,,115.0,,,116.0
,772.0,Sammis Reyes MIN (6),,,,,,116.0,TE,ppr,,116.0,,,117.0
,642.0,Luke Farrell JAC (12),,,,,,117.0,TE,ppr,,117.0,,,118.0
,624.0,Jacob Harris,,,,,,118.0,TE,ppr,,118.0,,,119.0
,526.0,Hunter Long LAR (6),,,,,,119.0,TE,ppr,,119.0,,,120.0
,779.0,Zach Davidson BUF (12),,,,,,120.0,TE,ppr,,120.0,,,121.0
,784.0,Quintin Morris BUF (12),,,,,,121.0,TE,ppr,,121.0,,,122.0
,644.0,Charlie Kolar BAL (14),,,,,,122.0,TE,ppr,,122.0,,,123.0
,503.0,Jake Tonges SF (9),,,,,,123.0,TE,ppr,,123.0,,,124.0
,818.0,Thomas Odukoya TEN (5),,,,,,125.0,TE,ppr,,125.0,,,125.0
,825.0,Tanner Conner MIA (6),,,,,,126.0,TE,ppr,,126.0,,,126.0
,829.0,Chris Pierce Jr.,,,,,,127.0,TE,ppr,,127.0,,,127.0
,518.0,Tucker Fisk LAC (5),,,,,,128.0,TE,ppr,,128.0,,,128.0
,544.0,Rodney Williams,,,,,,129.0,TE,ppr,,129.0,,,129.0
,587.0,Zack Kuntz NYJ (12),,,,,,130.0,TE,ppr,,130.0,,,130.0
,839.0,Brayden Willis SF (9),,,,,,131.0,TE,ppr,,131.0,,,131.0
,840.0,Travis Vokolek ARI (11),,,,,,132.0,TE,ppr,,132.0,,,132.0
,565.0,Brady Russell SEA (10),,,,,,133.0,TE,ppr,,133.0,,,133.0
,613.0,John Stephens Jr. DAL (7) O,,,,,,134.0,TE,ppr,,134.0,,,134.0
,848.0,Nate Adkins DEN (14),,,,,,135.0,TE,ppr,,135.0,,,135.0
,857.0,Jordan Murray NYG (11),,,,,,136.0,TE,ppr,,136.0,,,136.0
,858.0,Joel Wilson CHI (7),,,,,,137.0,TE,ppr,,137.0,,,137.0
,860.0,Erick All Jr. CIN (12) O,,,,,,138.0,TE,ppr,,138.0,,,138.0
,861.0,Tanner McLachlan CIN (12),,,,,,139.0,TE,ppr,,139.0,,,139.0
,755.0,Tip Reiman ARI (11),,,,,,140.0,TE,ppr,,140.0,,,140.0
,790.0,Mike Rigerman,,,,,,141.0,TE,ppr,,141.0,,,141.0
,724.0,Riley Sharp,,,,,,142.0,TE,ppr,,142.0,,,142.0
,803.0,Baylor Cupp KC (6),,,,,,143.0,TE,ppr,,143.0,,,143.0
,810.0,Thomas Yassmin DEN (14),,,,,,144.0,TE,ppr,,144.0,,,144.0
,821.0,Trey Knox,,,,,,145.0,TE,ppr,,145.0,,,145.0
,816.0,Jacob Warren,,,,,,146.0,TE,ppr,,146.0,,,146.0
,815.0,David Martin-Robinson TEN (5),,,,,,147.0,TE,ppr,,147.0,,,147.0
,866.0,Nick Vannett TEN (5),,,,,,149.0,TE,ppr,,149.0,,,148.0
,,Jacob Hollister,,,,,,150.0,TE,ppr,,150.0,,,149.0
,872.0,Jordan Thomas,,,,,,151.0,TE,ppr,,151.0,,,150.0
,876.0,Ross Dwelley ATL (12),,,,,,152.0,TE,ppr,,152.0,,,151.0
,882.0,Kevin Rader,,,,,,153.0,TE,ppr,,153.0,,,152.0
,,Tommy Sweeney CHI (7),,,,,,154.0,TE,ppr,,154.0,,,153.0
,,Matt Sokol PIT (9),,,,,,155.0,TE,ppr,,155.0,,,154.0
,896.0,Noah Togiai,,,,,,157.0,TE,ppr,,157.0,,,155.0
,897.0,Tommy Hudson,,,,,,158.0,TE,ppr,,158.0,,,156.0
,901.0,Ben Mason,,,,,,159.0,TE,ppr,,159.0,,,157.0
,910.0,Hunter Kampmoyer,,,,,,160.0,TE,ppr,,160.0,,,158.0
,,Feleipe Franks CAR (11),,,,,,161.0,TE,ppr,,161.0,,,159.0
,,Sage Surratt,,,,,,162.0,TE,ppr,,162.0,,,160.0
,,Miller Forristall,,,,,,163.0,TE,ppr,,163.0,,,161.0
,,Bernhard Seikovits ARI (11),,,,,,164.0,TE,ppr,,164.0,,,162.0
,556.0,Josh Pederson,,,,,,165.0,TE,ppr,,165.0,,,163.0
,,Sal Cannella,,,,,,166.0,TE,ppr,,166.0,,,164.0
,,Michael Jacobson NO (12),,,,,,167.0,TE,ppr,,167.0,,,165.0
,,Teagan Quitoriano HOU (14),,,,,,168.0,TE,ppr,,168.0,,,166.0
,,Nikola Kalinic LAR (6),,,,,,169.0,TE,ppr,,169.0,,,167.0
,,Nick Muse MIN (6),,,,,,170.0,TE,ppr,,170.0,,,168.0
,,Ko Kieft TB (11),,,,,,171.0,TE,ppr,,171.0,,,169.0
,,Cole Turner WAS (14),,,,,,172.0,TE,ppr,,172.0,,,170.0
,,Zaire Mitchell-Paden BAL (14),,,,,,174.0,TE,ppr,,174.0,,,171.0
,,Gerrit Prince,,,,,,175.0,TE,ppr,,175.0,,,172.0
,912.0,Stone Smartt LAC (5),,,,,,177.0,TE,ppr,,177.0,,,173.0
,502.0,Henry Pearson,,,,,,178.0,TE,ppr,,178.0,,,174.0
,929.0,Blake Whiteheart CLE (10),,,,,,179.0,TE,ppr,,179.0,,,175.0
,563.0,Ben Sims GB (10),,,,,,180.0,TE,ppr,,180.0,,,176.0
,942.0,Tanner Taula TB (11),,,,,,181.0,TE,ppr,,181.0,,,177.0
,945.0,La'Michael Pettway,,,,,,182.0,TE,ppr,,182.0,,,178.0
,947.0,Patrick Murtagh,,,,,,183.0,TE,ppr,,183.0,,,179.0
,,Messiah Swinson GB (10),,,,,,184.0,TE,ppr,,184.0,,,180.0
,,Lincoln Sefcik,,,,,,185.0,TE,ppr,,185.0,,,181.0
,,McCallan Castles LAC (5),,,,,,186.0,TE,ppr,,186.0,,,182.0
,,Jack Westover NE (14),,,,,,187.0,TE,ppr,,187.0,,,183.0
,,Austin Stogner,,,,,,188.0,TE,ppr,,188.0,,,184.0
,,Brenden Bates NYJ (12),,,,,,189.0,TE,ppr,,189.0,,,185.0
,,Cam Grandy CIN (12),,,,,,190.0,TE,ppr,,190.0,,,186.0
,,Treyton Welch NO (12),,,,,,191.0,TE,ppr,,191.0,,,187.0
,,Alec Holler,,,,,,192.0,TE,ppr,,192.0,,,188.0
,,Brevyn Spann-Ford DAL (7),,,,,,193.0,TE,ppr,,193.0,,,189.0
,,Dylan Leonard,,,,,,194.0,TE,ppr,,194.0,,,190.0
,,Isaac Rex,,,,,,195.0,TE,ppr,,195.0,,,191.0
,,Dallin Holker NO (12),,,,,,196.0,TE,ppr,,196.0,,,192.0
,,Steven Stilianos,,,,,,197.0,TE,ppr,,197.0,,,193.0
,,Mason Pline SF (9),,,,,,198.0,TE,ppr,,198.0,,,194.0
,,Shawn Bowman JAC (12),,,,,,199.0,TE,ppr,,199.0,,,195.0
,,Neal Johnson,,,,,,200.0,TE,ppr,,200.0,,,196.0
