Player Team (Bye),Position,Scoring,Original Position,Rank
Tyreek Hill MIA (6),WR,standard,WR,1
CeeDee Lamb DAL (7),WR,standard,WR,2
Amon-Ra St. Brown DET (5),WR,standard,WR,3
Justin Jefferson MIN (6),WR,standard,WR,4
Ja'Marr Chase CIN (12),WR,standard,WR,5
A.J. Brown PHI (5),WR,standard,WR,6
Garrett Wilson NYJ (12),WR,standard,WR,7
Puka Nacua LAR (6),WR,standard,WR,8
Marvin Harrison Jr. ARI (11),WR,standard,WR,9
Deebo Samuel Sr. SF (9),WR,standard,WR,10
Drake London ATL (12),WR,standard,WR,11
Davante Adams NYJ (12),WR,standard,WR,12
Nico Collins HOU (14),WR,standard,WR,13
Chris Olave NO (12),WR,standard,WR,14
Brandon Aiyuk SF (9) O,WR,standard,WR,15
Mike Evans TB (11),WR,standard,WR,16
Cooper Kupp LAR (6),WR,standard,WR,17
DK Metcalf SEA (10),WR,standard,WR,18
DJ Moore CHI (7),WR,standard,WR,19
Jaylen Waddle MIA (6),WR,standard,WR,20
Stefon Diggs HOU (14) O,WR,standard,WR,21
DeVonta Smith PHI (5),WR,standard,WR,22
Michael Pittman Jr. IND (14),WR,standard,WR,23
Malik Nabers NYG (11),WR,standard,WR,24
Amari Cooper BUF (12),WR,standard,WR,25
George Pickens PIT (9),WR,standard,WR,26
Tee Higgins CIN (12),WR,standard,WR,27
Tank Dell HOU (14),WR,standard,WR,28
Zay Flowers BAL (14),WR,standard,WR,29
Rashee Rice KC (6) O,WR,standard,WR,30
Terry McLaurin WAS (14),WR,standard,WR,31
Christian Kirk JAC (12) O,WR,standard,WR,32
Jayden Reed GB (10),WR,standard,WR,33
Calvin Ridley TEN (5),WR,standard,WR,34
Chris Godwin TB (11) O,WR,standard,WR,35
Keenan Allen CHI (7),WR,standard,WR,36
Xavier Worthy KC (6),WR,standard,WR,37
Christian Watson GB (10),WR,standard,WR,38
Diontae Johnson BAL (14),WR,standard,WR,39
Rome Odunze CHI (7),WR,standard,WR,40
DeAndre Hopkins KC (6),WR,standard,WR,41
Jaxon Smith-Njigba SEA (10),WR,standard,WR,42
Courtland Sutton DEN (14),WR,standard,WR,43
Ladd McConkey LAC (5),WR,standard,WR,44
Jameson Williams DET (5),WR,standard,WR,45
Keon Coleman BUF (12),WR,standard,WR,46
Marquise Brown KC (6),WR,standard,WR,47
Jordan Addison MIN (6),WR,standard,WR,48
Brian Thomas Jr. JAC (12),WR,standard,WR,49
Romeo Doubs GB (10),WR,standard,WR,50
Khalil Shakir BUF (12),WR,standard,WR,51
Joshua Palmer LAC (5),WR,standard,WR,52
Curtis Samuel BUF (12),WR,standard,WR,53
Jakobi Meyers LV (10),WR,standard,WR,54
Tyler Lockett SEA (10),WR,standard,WR,55
Jerry Jeudy CLE (10),WR,standard,WR,56
Mike Williams PIT (9),WR,standard,WR,57
Brandin Cooks DAL (7),WR,standard,WR,58
Gabe Davis JAC (12) O,WR,standard,WR,59
Adonai Mitchell IND (14),WR,standard,WR,60
Rashid Shaheed NO (12) O,WR,standard,WR,61
Dontayvion Wicks GB (10),WR,standard,WR,62
Adam Thielen CAR (11),WR,standard,WR,63
Darnell Mooney ATL (12),WR,standard,WR,64
Xavier Legette CAR (11),WR,standard,WR,65
Ja'Lynn Polk NE (14),WR,standard,WR,66
Josh Downs IND (14),WR,standard,WR,67
Michael Wilson ARI (11),WR,standard,WR,68
Jahan Dotson PHI (5),WR,standard,WR,69
Quentin Johnston LAC (5),WR,standard,WR,70
DeMario Douglas NE (14),WR,standard,WR,71
Jermaine Burton CIN (12),WR,standard,WR,72
Troy Franklin DEN (14),WR,standard,WR,73
Luke McCaffrey WAS (14),WR,standard,WR,74
Ricky Pearsall SF (9),WR,standard,WR,75
Marvin Mims Jr. DEN (14),WR,standard,WR,76
Wan'Dale Robinson NYG (11),WR,standard,WR,77
Roman Wilson PIT (9),WR,standard,WR,78
Rashod Bateman BAL (14),WR,standard,WR,79
Greg Dortch ARI (11),WR,standard,WR,80
Jalen McMillan TB (11),WR,standard,WR,81
Demarcus Robinson LAR (6),WR,standard,WR,82
Tyler Boyd TEN (5),WR,standard,WR,83
Jalen Tolbert DAL (7),WR,standard,WR,84
Dyami Brown WAS (14),WR,standard,WR,85
Malachi Corley NYJ (12),WR,standard,WR,86
Darius Slayton NYG (11),WR,standard,WR,87
Andrei Iosivas CIN (12),WR,standard,WR,88
Jalin Hyatt NYG (11),WR,standard,WR,89
DJ Chark Jr. LAC (5),WR,standard,WR,90
Javon Baker NE (14),WR,standard,WR,91
Odell Beckham Jr. MIA (6),WR,standard,WR,92
Jordan Whittington LAR (6),WR,standard,WR,93
Malik Washington MIA (6),WR,standard,WR,94
Calvin Austin III PIT (9),WR,standard,WR,95
Brenden Rice LAC (5),WR,standard,WR,96
Noah Brown WAS (14),WR,standard,WR,97
Elijah Moore CLE (10),WR,standard,WR,98
Tre Tucker LV (10),WR,standard,WR,99
Treylon Burks TEN (5),WR,standard,WR,100
Devontez Walker BAL (14),WR,standard,WR,101
Zay Jones ARI (11),WR,standard,WR,102
Van Jefferson PIT (9),WR,standard,WR,103
Kendrick Bourne NE (14),WR,standard,WR,104
Jonathan Mingo DAL (7),WR,standard,WR,105
Albert Wilson,WR,standard,WR,106
K.J. Osborn WAS (14),WR,standard,WR,107
Alec Pierce IND (14),WR,standard,WR,108
Kevin White,WR,standard,WR,109
Jalen Nailor MIN (6),WR,standard,WR,110
Zay Malone,WR,standard,WR,111
Josh Reynolds JAC (12),WR,standard,WR,112
Anthony Johnson,WR,standard,WR,113
A.T. Perry DEN (14),WR,standard,WR,114
Christian McCaffrey SF (9) O,RB,standard,RB,1
Breece Hall NYJ (12),RB,standard,RB,2
Bijan Robinson ATL (12),RB,standard,RB,3
Saquon Barkley PHI (5),RB,standard,RB,4
Jonathan Taylor IND (14),RB,standard,RB,5
Jahmyr Gibbs DET (5),RB,standard,RB,6
Travis Etienne Jr. JAC (12),RB,standard,RB,7
Kyren Williams LAR (6),RB,standard,RB,8
Derrick Henry BAL (14),RB,standard,RB,9
Josh Jacobs GB (10),RB,standard,RB,10
De'Von Achane MIA (6),RB,standard,RB,11
Isiah Pacheco KC (6),RB,standard,RB,12
James Cook BUF (12),RB,standard,RB,13
Rachaad White TB (11),RB,standard,RB,14
Joe Mixon HOU (14),RB,standard,RB,15
Kenneth Walker III SEA (10),RB,standard,RB,16
Alvin Kamara NO (12),RB,standard,RB,17
James Conner ARI (11),RB,standard,RB,18
Aaron Jones Sr. MIN (6),RB,standard,RB,19
D'Andre Swift CHI (7),RB,standard,RB,20
David Montgomery DET (5),RB,standard,RB,21
Zamir White LV (10) O,RB,standard,RB,22
Rhamondre Stevenson NE (14),RB,standard,RB,23
Najee Harris PIT (9),RB,standard,RB,24
Raheem Mostert MIA (6),RB,standard,RB,25
Tony Pollard TEN (5),RB,standard,RB,26
Javonte Williams DEN (14),RB,standard,RB,27
Zack Moss CIN (12) O,RB,standard,RB,28
Brian Robinson Jr. WAS (14),RB,standard,RB,29
Devin Singletary NYG (11),RB,standard,RB,30
Nick Chubb CLE (10),RB,standard,RB,31
Jaylen Warren PIT (9),RB,standard,RB,32
Austin Ekeler WAS (14),RB,standard,RB,33
Jerome Ford CLE (10),RB,standard,RB,34
Jonathon Brooks CAR (11) O,RB,standard,RB,35
Gus Edwards LAC (5),RB,standard,RB,36
Chase Brown CIN (12),RB,standard,RB,37
Tyjae Spears TEN (5),RB,standard,RB,38
Blake Corum LAR (6),RB,standard,RB,39
Trey Benson ARI (11),RB,standard,RB,40
J.K. Dobbins LAC (5),RB,standard,RB,41
Ezekiel Elliott DAL (7),RB,standard,RB,42
Chuba Hubbard CAR (11),RB,standard,RB,43
Rico Dowdle DAL (7),RB,standard,RB,44
Ty Chandler MIN (6),RB,standard,RB,45
Zach Charbonnet SEA (10),RB,standard,RB,46
Tyler Allgeier ATL (12),RB,standard,RB,47
Jaylen Wright MIA (6),RB,standard,RB,48
Jaleel McLaughlin DEN (14),RB,standard,RB,49
MarShawn Lloyd GB (10),RB,standard,RB,50
Antonio Gibson NE (14),RB,standard,RB,51
Ray Davis BUF (12),RB,standard,RB,52
Bucky Irving TB (11),RB,standard,RB,53
Braelon Allen NYJ (12),RB,standard,RB,54
Tyrone Tracy Jr. NYG (11),RB,standard,RB,55
Jordan Mason SF (9),RB,standard,RB,56
Khalil Herbert CIN (12),RB,standard,RB,57
Kimani Vidal LAC (5),RB,standard,RB,58
Kenneth Gainwell PHI (5),RB,standard,RB,59
Tank Bigsby JAC (12),RB,standard,RB,60
Alexander Mattison LV (10),RB,standard,RB,61
Audric Estime DEN (14),RB,standard,RB,62
Kendre Miller NO (12),RB,standard,RB,63
Roschon Johnson CHI (7),RB,standard,RB,64
Dameon Pierce HOU (14),RB,standard,RB,65
Clyde Edwards-Helaire KC (6),RB,standard,RB,66
Will Shipley PHI (5),RB,standard,RB,67
Jamaal Williams NO (12),RB,standard,RB,68
Justice Hill BAL (14),RB,standard,RB,69
Keaton Mitchell BAL (14),RB,standard,RB,70
Samaje Perine KC (6),RB,standard,RB,71
Dalvin Cook DAL (7),RB,standard,RB,72
Isaac Guerendo SF (9),RB,standard,RB,73
Trey Sermon IND (14),RB,standard,RB,74
Kareem Hunt KC (6),RB,standard,RB,75
D'Onta Foreman CLE (10),RB,standard,RB,76
Dylan Laube LV (10),RB,standard,RB,77
Cam Akers MIN (6),RB,standard,RB,78
Carson Steele KC (6),RB,standard,RB,79
Miles Sanders CAR (11),RB,standard,RB,80
Eric Gray NYG (11),RB,standard,RB,81
Cordarrelle Patterson PIT (9),RB,standard,RB,82
Deuce Vaughn DAL (7),RB,standard,RB,83
Larry Rose III,RB,standard,RB,84
J.J. Taylor HOU (14),RB,standard,RB,85
Rasheen Ali BAL (14),RB,standard,RB,86
Isaiah Bowser,RB,standard,RB,87
Emanuel Wilson GB (10),RB,standard,RB,88
Frank Gore Jr. BUF (12),RB,standard,RB,89
Mark Ingram II,RB,standard,RB,90
Jeff Wilson Jr. MIA (6),RB,standard,RB,91
Evan Hull IND (14),RB,standard,RB,92
Wendell Smallwood,RB,standard,RB,93
James White,RB,standard,RB,94
Travis Kelce KC (6),TE,standard,TE,1
Sam LaPorta DET (5),TE,standard,TE,2
Mark Andrews BAL (14),TE,standard,TE,3
Trey McBride ARI (11),TE,standard,TE,4
Dalton Kincaid BUF (12),TE,standard,TE,5
George Kittle SF (9),TE,standard,TE,6
Kyle Pitts ATL (12),TE,standard,TE,7
Evan Engram JAC (12),TE,standard,TE,8
Jake Ferguson DAL (7),TE,standard,TE,9
David Njoku CLE (10),TE,standard,TE,10
Brock Bowers LV (10),TE,standard,TE,11
Dallas Goedert PHI (5),TE,standard,TE,12
Dalton Schultz HOU (14),TE,standard,TE,13
T.J. Hockenson MIN (6),TE,standard,TE,14
Cole Kmet CHI (7),TE,standard,TE,15
Pat Freiermuth PIT (9),TE,standard,TE,16
Luke Musgrave GB (10),TE,standard,TE,17
Isaiah Likely BAL (14),TE,standard,TE,18
Hunter Henry NE (14),TE,standard,TE,19
Tyler Conklin NYJ (12),TE,standard,TE,20
Taysom Hill NO (12) O,TE,standard,TE,21
Zach Ertz WAS (14),TE,standard,TE,22
Cade Otton TB (11),TE,standard,TE,23
Chig Okonkwo TEN (5),TE,standard,TE,24
Ben Sinnott WAS (14),TE,standard,TE,25
Jonnu Smith MIA (6),TE,standard,TE,26
Noah Fant SEA (10),TE,standard,TE,27
Juwan Johnson NO (12),TE,standard,TE,28
Ja'Tavion Sanders CAR (11),TE,standard,TE,29
Mike Gesicki CIN (12),TE,standard,TE,30
Theo Johnson NYG (11) O,TE,standard,TE,31
Greg Dulcich NYG (11),TE,standard,TE,32
Hayden Hurst LAC (5),TE,standard,TE,33
Colby Parkinson LAR (6),TE,standard,TE,34
Dawson Knox BUF (12),TE,standard,TE,35
Leroy Watson IV,TE,standard,TE,36
Daniel Bellinger NYG (11),TE,standard,TE,37
Tucker Kraft GB (10),TE,standard,TE,38
Michael Mayer LV (10),TE,standard,TE,39
O.J. Howard,TE,standard,TE,40
Nick Keizer,TE,standard,TE,41
Mo Alie-Cox IND (14),TE,standard,TE,42
Jason Witten,TE,standard,TE,43
Vernon Davis,TE,standard,TE,44
Josh Allen BUF (12),QB,standard,QB,1
Patrick Mahomes II KC (6),QB,standard,QB,2
Jalen Hurts PHI (5),QB,standard,QB,3
Lamar Jackson BAL (14),QB,standard,QB,4
C.J. Stroud HOU (14),QB,standard,QB,5
Anthony Richardson IND (14),QB,standard,QB,6
Joe Burrow CIN (12),QB,standard,QB,7
Kyler Murray ARI (11),QB,standard,QB,8
Jordan Love GB (10),QB,standard,QB,9
Dak Prescott DAL (7) O,QB,standard,QB,10
Brock Purdy SF (9),QB,standard,QB,11
Jayden Daniels WAS (14),QB,standard,QB,12
Caleb Williams CHI (7),QB,standard,QB,13
Tua Tagovailoa MIA (6),QB,standard,QB,14
Jared Goff DET (5),QB,standard,QB,15
Trevor Lawrence JAC (12) O,QB,standard,QB,16
Justin Herbert LAC (5) Q,QB,standard,QB,17
Aaron Rodgers NYJ (12),QB,standard,QB,18
Kirk Cousins ATL (12),QB,standard,QB,19
Matthew Stafford LAR (6),QB,standard,QB,20
Baker Mayfield TB (11),QB,standard,QB,21
Deshaun Watson CLE (10) O,QB,standard,QB,22
Bo Nix DEN (14),QB,standard,QB,23
Geno Smith SEA (10),QB,standard,QB,24
Will Levis TEN (5),QB,standard,QB,25
Russell Wilson PIT (9),QB,standard,QB,26
Justin Fields PIT (9),QB,standard,QB,27
Derek Carr NO (12),QB,standard,QB,28
Bryce Young CAR (11),QB,standard,QB,29
Drake Maye NE (14),QB,standard,QB,30
Sam Darnold MIN (6),QB,standard,QB,31
Daniel Jones MIN (6),QB,standard,QB,32
Gardner Minshew II LV (10) O,QB,standard,QB,33
Aidan O'Connell LV (10),QB,standard,QB,34
Jacoby Brissett NE (14),QB,standard,QB,35
Joe Flacco IND (14),QB,standard,QB,36
Michael Penix Jr. ATL (12),QB,standard,QB,37
Kenny Pickett PHI (5),QB,standard,QB,38
Joshua Dobbs SF (9),QB,standard,QB,39
Taysom Hill NO (12) O,QB,standard,QB,40
Tom Brady,QB,standard,QB,41
Carson Wentz KC (6),QB,standard,QB,42
Jimmy Garoppolo LAR (6),QB,standard,QB,43
Hendon Hooker DET (5),QB,standard,QB,44
Davis Cheek,QB,standard,QB,45
Michael Pratt TB (11),QB,standard,QB,46
Tommy DeVito NYG (11),QB,standard,QB,47
Peewee Jarrett,QB,standard,QB,48
Austin Aune,QB,standard,QB,49
Trace McSorley,QB,standard,QB,50
Sam Howell SEA (10),QB,standard,QB,51
Zach Wilson DEN (14),QB,standard,QB,52
Jaren Hall SEA (10),QB,standard,QB,53
Trey Lance DAL (7),QB,standard,QB,54
Devin Leary BAL (14),QB,standard,QB,55
Jarrett Stidham DEN (14),QB,standard,QB,56
Nathan Rourke,QB,standard,QB,57
Matt Barkley,QB,standard,QB,58
Spencer Rattler NO (12),QB,standard,QB,59
Tyson Bagent CHI (7),QB,standard,QB,60
Jameis Winston CLE (10),QB,standard,QB,61
Max Duggan,QB,standard,QB,62
Cooper Rush DAL (7),QB,standard,QB,63
Skylar Thompson MIA (6),QB,standard,QB,64
Jake Browning CIN (12),QB,standard,QB,65
Joe Milton III NE (14),QB,standard,QB,66
Ryan Tannehill,QB,standard,QB,67
Kyle Allen PIT (9),QB,standard,QB,68
Drew Lock NYG (11),QB,standard,QB,69
Andy Dalton CAR (11),QB,standard,QB,70
Tyrod Taylor NYJ (12),QB,standard,QB,71
Marcus Mariota WAS (14),QB,standard,QB,72
Brandon Allen SF (9),QB,standard,QB,73
Mitchell Trubisky BUF (12),QB,standard,QB,74
P.J. Walker,QB,standard,QB,75
Mac Jones JAC (12),QB,standard,QB,76
Bailey Zappe CLE (10),QB,standard,QB,77
Anthony Brown Jr. ARI (11),QB,standard,QB,78
Dorian Thompson-Robinson CLE (10),QB,standard,QB,79
Josh Johnson BAL (14),QB,standard,QB,80
Taylor Heinicke LAC (5),QB,standard,QB,81
Jeff Driskel WAS (14),QB,standard,QB,82
C.J. Beathard JAC (12),QB,standard,QB,83
Nathan Peterman ATL (12),QB,standard,QB,84
Nick Mullens MIN (6),QB,standard,QB,85
Mason Rudolph TEN (5),QB,standard,QB,86
Mike White BUF (12),QB,standard,QB,87
Logan Woodside CIN (12),QB,standard,QB,88
John Wolford JAC (12),QB,standard,QB,89
Brett Rypien MIN (6),QB,standard,QB,90
Easton Stick LAC (5),QB,standard,QB,91
Tyler Huntley MIA (6),QB,standard,QB,92
Jake Fromm DET (5),QB,standard,QB,93
Ben DiNucci NO (12),QB,standard,QB,94
Davis Mills HOU (14),QB,standard,QB,95
Sam Ehlinger IND (14),QB,standard,QB,96
Ian Book,QB,standard,QB,97
Kyle Trask TB (11),QB,standard,QB,98
Desmond Ridder LV (10),QB,standard,QB,99
Malik Willis GB (10),QB,standard,QB,100
Chris Oladokun KC (6),QB,standard,QB,101
Sean Clifford GB (10),QB,standard,QB,102
Stetson Bennett LAR (6),QB,standard,QB,103
Tanner McKee PHI (5),QB,standard,QB,104
Clayton Tune ARI (11),QB,standard,QB,105
Adrian Martinez NYJ (12),QB,standard,QB,106
Jordan Travis NYJ (12),QB,standard,QB,107
Jack Plummer CAR (11),QB,standard,QB,108
Austin Reed CHI (7),QB,standard,QB,109
Jason Bean IND (14),QB,standard,QB,110
Kedon Slovis HOU (14),QB,standard,QB,111
Carter Bradley LV (10),QB,standard,QB,112
John Rhys Plumlee SEA (10),QB,standard,QB,113
Sam Hartman WAS (14),QB,standard,QB,114
Casey Bauman,QB,standard,QB,115
Nate Sudfeld,QB,standard,QB,116
Luis Perez,QB,standard,QB,117
Alex McGough GB (10),QB,standard,QB,118
Tim Boyle NYG (11),QB,standard,QB,119
Will Grier DAL (7),QB,standard,QB,120
Jacob Eason,QB,standard,QB,121
Jake Luton LV (10),QB,standard,QB,122
Kellen Mond,QB,standard,QB,123
Matt Corral,QB,standard,QB,124
E.J. Perry,QB,standard,QB,125
Dresser Winn,QB,standard,QB,126
Jake Haener NO (12),QB,standard,QB,127
Chevan Cordeiro,QB,standard,QB,128
Emory Jones,QB,standard,QB,129
Andrew Peasley,QB,standard,QB,130
John Paddock,QB,standard,QB,131
Rocky Lombardi,QB,standard,QB,132
Tanner Mordecai SF (9),QB,standard,QB,133
Jacob Sirmon,QB,standard,QB,134
Ben Bryant,QB,standard,QB,135
Tyreek Hill MIA (6),WR,half-ppr,WR,1
CeeDee Lamb DAL (7),WR,half-ppr,WR,2
Justin Jefferson MIN (6),WR,half-ppr,WR,3
Ja'Marr Chase CIN (12),WR,half-ppr,WR,4
Amon-Ra St. Brown DET (5),WR,half-ppr,WR,5
A.J. Brown PHI (5),WR,half-ppr,WR,6
Garrett Wilson NYJ (12),WR,half-ppr,WR,7
Puka Nacua LAR (6),WR,half-ppr,WR,8
Marvin Harrison Jr. ARI (11),WR,half-ppr,WR,9
Davante Adams NYJ (12),WR,half-ppr,WR,10
Drake London ATL (12),WR,half-ppr,WR,11
Chris Olave NO (12),WR,half-ppr,WR,12
Deebo Samuel Sr. SF (9),WR,half-ppr,WR,13
Nico Collins HOU (14),WR,half-ppr,WR,14
Brandon Aiyuk SF (9) O,WR,half-ppr,WR,15
Mike Evans TB (11),WR,half-ppr,WR,16
Cooper Kupp LAR (6),WR,half-ppr,WR,17
DK Metcalf SEA (10),WR,half-ppr,WR,18
DJ Moore CHI (7),WR,half-ppr,WR,19
Jaylen Waddle MIA (6),WR,half-ppr,WR,20
Michael Pittman Jr. IND (14),WR,half-ppr,WR,21
Stefon Diggs HOU (14) O,WR,half-ppr,WR,22
DeVonta Smith PHI (5),WR,half-ppr,WR,23
Malik Nabers NYG (11),WR,half-ppr,WR,24
Amari Cooper BUF (12),WR,half-ppr,WR,25
Zay Flowers BAL (14),WR,half-ppr,WR,26
George Pickens PIT (9),WR,half-ppr,WR,27
Tee Higgins CIN (12),WR,half-ppr,WR,28
Tank Dell HOU (14),WR,half-ppr,WR,29
Terry McLaurin WAS (14),WR,half-ppr,WR,30
Rashee Rice KC (6) O,WR,half-ppr,WR,31
Christian Kirk JAC (12) O,WR,half-ppr,WR,32
Keenan Allen CHI (7),WR,half-ppr,WR,33
Chris Godwin TB (11) O,WR,half-ppr,WR,34
Calvin Ridley TEN (5),WR,half-ppr,WR,35
Jayden Reed GB (10),WR,half-ppr,WR,36
Xavier Worthy KC (6),WR,half-ppr,WR,37
Diontae Johnson BAL (14),WR,half-ppr,WR,38
Rome Odunze CHI (7),WR,half-ppr,WR,39
Christian Watson GB (10),WR,half-ppr,WR,40
Jaxon Smith-Njigba SEA (10),WR,half-ppr,WR,41
Marquise Brown KC (6),WR,half-ppr,WR,42
Jordan Addison MIN (6),WR,half-ppr,WR,43
Ladd McConkey LAC (5),WR,half-ppr,WR,44
DeAndre Hopkins KC (6),WR,half-ppr,WR,45
Brian Thomas Jr. JAC (12),WR,half-ppr,WR,46
Courtland Sutton DEN (14),WR,half-ppr,WR,47
Jameson Williams DET (5),WR,half-ppr,WR,48
Keon Coleman BUF (12),WR,half-ppr,WR,49
Khalil Shakir BUF (12),WR,half-ppr,WR,50
Curtis Samuel BUF (12),WR,half-ppr,WR,51
Romeo Doubs GB (10),WR,half-ppr,WR,52
Tyler Lockett SEA (10),WR,half-ppr,WR,53
Jakobi Meyers LV (10),WR,half-ppr,WR,54
Joshua Palmer LAC (5),WR,half-ppr,WR,55
Dontayvion Wicks GB (10),WR,half-ppr,WR,56
Jerry Jeudy CLE (10),WR,half-ppr,WR,57
Brandin Cooks DAL (7),WR,half-ppr,WR,58
Mike Williams PIT (9),WR,half-ppr,WR,59
Adam Thielen CAR (11),WR,half-ppr,WR,60
Rashid Shaheed NO (12) O,WR,half-ppr,WR,61
Xavier Legette CAR (11),WR,half-ppr,WR,62
Adonai Mitchell IND (14),WR,half-ppr,WR,63
Gabe Davis JAC (12) O,WR,half-ppr,WR,64
Jahan Dotson PHI (5),WR,half-ppr,WR,65
Ja'Lynn Polk NE (14),WR,half-ppr,WR,66
Josh Downs IND (14),WR,half-ppr,WR,67
Darnell Mooney ATL (12),WR,half-ppr,WR,68
Michael Wilson ARI (11),WR,half-ppr,WR,69
Quentin Johnston LAC (5),WR,half-ppr,WR,70
DeMario Douglas NE (14),WR,half-ppr,WR,71
Troy Franklin DEN (14),WR,half-ppr,WR,72
Jermaine Burton CIN (12),WR,half-ppr,WR,73
Luke McCaffrey WAS (14),WR,half-ppr,WR,74
Ricky Pearsall SF (9),WR,half-ppr,WR,75
Marvin Mims Jr. DEN (14),WR,half-ppr,WR,76
Wan'Dale Robinson NYG (11),WR,half-ppr,WR,77
Roman Wilson PIT (9),WR,half-ppr,WR,78
Rashod Bateman BAL (14),WR,half-ppr,WR,79
Greg Dortch ARI (11),WR,half-ppr,WR,80
Jalen McMillan TB (11),WR,half-ppr,WR,81
Demarcus Robinson LAR (6),WR,half-ppr,WR,82
Tyler Boyd TEN (5),WR,half-ppr,WR,83
Jalen Tolbert DAL (7),WR,half-ppr,WR,84
Dyami Brown WAS (14),WR,half-ppr,WR,85
Malachi Corley NYJ (12),WR,half-ppr,WR,86
Darius Slayton NYG (11),WR,half-ppr,WR,87
Andrei Iosivas CIN (12),WR,half-ppr,WR,88
Jalin Hyatt NYG (11),WR,half-ppr,WR,89
DJ Chark Jr. LAC (5),WR,half-ppr,WR,90
Javon Baker NE (14),WR,half-ppr,WR,91
Odell Beckham Jr. MIA (6),WR,half-ppr,WR,92
Jordan Whittington LAR (6),WR,half-ppr,WR,93
Malik Washington MIA (6),WR,half-ppr,WR,94
Calvin Austin III PIT (9),WR,half-ppr,WR,95
Brenden Rice LAC (5),WR,half-ppr,WR,96
Noah Brown WAS (14),WR,half-ppr,WR,97
Elijah Moore CLE (10),WR,half-ppr,WR,98
Tre Tucker LV (10),WR,half-ppr,WR,99
Treylon Burks TEN (5),WR,half-ppr,WR,100
Devontez Walker BAL (14),WR,half-ppr,WR,101
Zay Jones ARI (11),WR,half-ppr,WR,102
Van Jefferson PIT (9),WR,half-ppr,WR,103
Kendrick Bourne NE (14),WR,half-ppr,WR,104
Jonathan Mingo DAL (7),WR,half-ppr,WR,105
Albert Wilson,WR,half-ppr,WR,106
K.J. Osborn WAS (14),WR,half-ppr,WR,107
Alec Pierce IND (14),WR,half-ppr,WR,108
Kevin White,WR,half-ppr,WR,109
Jalen Nailor MIN (6),WR,half-ppr,WR,110
Zay Malone,WR,half-ppr,WR,111
Josh Reynolds JAC (12),WR,half-ppr,WR,112
Anthony Johnson,WR,half-ppr,WR,113
A.T. Perry DEN (14),WR,half-ppr,WR,114
Christian McCaffrey SF (9) O,RB,half-ppr,RB,1
Breece Hall NYJ (12),RB,half-ppr,RB,2
Bijan Robinson ATL (12),RB,half-ppr,RB,3
Jonathan Taylor IND (14),RB,half-ppr,RB,4
Saquon Barkley PHI (5),RB,half-ppr,RB,5
Jahmyr Gibbs DET (5),RB,half-ppr,RB,6
Travis Etienne Jr. JAC (12),RB,half-ppr,RB,7
Derrick Henry BAL (14),RB,half-ppr,RB,8
Kyren Williams LAR (6),RB,half-ppr,RB,9
De'Von Achane MIA (6),RB,half-ppr,RB,10
Josh Jacobs GB (10),RB,half-ppr,RB,11
Isiah Pacheco KC (6),RB,half-ppr,RB,12
Rachaad White TB (11),RB,half-ppr,RB,13
James Cook BUF (12),RB,half-ppr,RB,14
Joe Mixon HOU (14),RB,half-ppr,RB,15
Kenneth Walker III SEA (10),RB,half-ppr,RB,16
Alvin Kamara NO (12),RB,half-ppr,RB,17
Aaron Jones Sr. MIN (6),RB,half-ppr,RB,18
James Conner ARI (11),RB,half-ppr,RB,19
Rhamondre Stevenson NE (14),RB,half-ppr,RB,20
David Montgomery DET (5),RB,half-ppr,RB,21
D'Andre Swift CHI (7),RB,half-ppr,RB,22
Zamir White LV (10) O,RB,half-ppr,RB,23
Najee Harris PIT (9),RB,half-ppr,RB,24
Raheem Mostert MIA (6),RB,half-ppr,RB,25
Javonte Williams DEN (14),RB,half-ppr,RB,26
Tony Pollard TEN (5),RB,half-ppr,RB,27
Devin Singletary NYG (11),RB,half-ppr,RB,28
Zack Moss CIN (12) O,RB,half-ppr,RB,29
Brian Robinson Jr. WAS (14),RB,half-ppr,RB,30
Jaylen Warren PIT (9),RB,half-ppr,RB,31
Nick Chubb CLE (10),RB,half-ppr,RB,32
Austin Ekeler WAS (14),RB,half-ppr,RB,33
Jonathon Brooks CAR (11) O,RB,half-ppr,RB,34
Tyjae Spears TEN (5),RB,half-ppr,RB,35
Jerome Ford CLE (10),RB,half-ppr,RB,36
Chase Brown CIN (12),RB,half-ppr,RB,37
Gus Edwards LAC (5),RB,half-ppr,RB,38
Ezekiel Elliott DAL (7),RB,half-ppr,RB,39
Trey Benson ARI (11),RB,half-ppr,RB,40
Blake Corum LAR (6),RB,half-ppr,RB,41
Chuba Hubbard CAR (11),RB,half-ppr,RB,42
J.K. Dobbins LAC (5),RB,half-ppr,RB,43
Rico Dowdle DAL (7),RB,half-ppr,RB,44
Zach Charbonnet SEA (10),RB,half-ppr,RB,45
Jaylen Wright MIA (6),RB,half-ppr,RB,46
Ty Chandler MIN (6),RB,half-ppr,RB,47
MarShawn Lloyd GB (10),RB,half-ppr,RB,48
Jaleel McLaughlin DEN (14),RB,half-ppr,RB,49
Ray Davis BUF (12),RB,half-ppr,RB,50
Antonio Gibson NE (14),RB,half-ppr,RB,51
Tyler Allgeier ATL (12),RB,half-ppr,RB,52
Bucky Irving TB (11),RB,half-ppr,RB,53
Jordan Mason SF (9),RB,half-ppr,RB,54
Kimani Vidal LAC (5),RB,half-ppr,RB,55
Khalil Herbert CIN (12),RB,half-ppr,RB,56
Braelon Allen NYJ (12),RB,half-ppr,RB,57
Tyrone Tracy Jr. NYG (11),RB,half-ppr,RB,58
Tank Bigsby JAC (12),RB,half-ppr,RB,59
Alexander Mattison LV (10),RB,half-ppr,RB,60
Audric Estime DEN (14),RB,half-ppr,RB,61
Kendre Miller NO (12),RB,half-ppr,RB,62
Roschon Johnson CHI (7),RB,half-ppr,RB,63
Dameon Pierce HOU (14),RB,half-ppr,RB,64
Clyde Edwards-Helaire KC (6),RB,half-ppr,RB,65
Will Shipley PHI (5),RB,half-ppr,RB,66
Jamaal Williams NO (12),RB,half-ppr,RB,67
Justice Hill BAL (14),RB,half-ppr,RB,68
Kenneth Gainwell PHI (5),RB,half-ppr,RB,69
Samaje Perine KC (6),RB,half-ppr,RB,70
Keaton Mitchell BAL (14),RB,half-ppr,RB,71
Dalvin Cook DAL (7),RB,half-ppr,RB,72
Isaac Guerendo SF (9),RB,half-ppr,RB,73
Trey Sermon IND (14),RB,half-ppr,RB,74
Kareem Hunt KC (6),RB,half-ppr,RB,75
D'Onta Foreman CLE (10),RB,half-ppr,RB,76
Dylan Laube LV (10),RB,half-ppr,RB,77
Cam Akers MIN (6),RB,half-ppr,RB,78
Carson Steele KC (6),RB,half-ppr,RB,79
Miles Sanders CAR (11),RB,half-ppr,RB,80
Eric Gray NYG (11),RB,half-ppr,RB,81
Deuce Vaughn DAL (7),RB,half-ppr,RB,82
Cordarrelle Patterson PIT (9),RB,half-ppr,RB,83
Larry Rose III,RB,half-ppr,RB,84
J.J. Taylor HOU (14),RB,half-ppr,RB,85
Rasheen Ali BAL (14),RB,half-ppr,RB,86
Isaiah Bowser,RB,half-ppr,RB,87
Frank Gore Jr. BUF (12),RB,half-ppr,RB,88
Mark Ingram II,RB,half-ppr,RB,89
Emanuel Wilson GB (10),RB,half-ppr,RB,90
Jeff Wilson Jr. MIA (6),RB,half-ppr,RB,91
Evan Hull IND (14),RB,half-ppr,RB,92
Wendell Smallwood,RB,half-ppr,RB,93
James White,RB,half-ppr,RB,94
Travis Kelce KC (6),TE,half-ppr,TE,1
Sam LaPorta DET (5),TE,half-ppr,TE,2
Trey McBride ARI (11),TE,half-ppr,TE,3
Mark Andrews BAL (14),TE,half-ppr,TE,4
Dalton Kincaid BUF (12),TE,half-ppr,TE,5
George Kittle SF (9),TE,half-ppr,TE,6
Kyle Pitts ATL (12),TE,half-ppr,TE,7
Evan Engram JAC (12),TE,half-ppr,TE,8
Jake Ferguson DAL (7),TE,half-ppr,TE,9
Brock Bowers LV (10),TE,half-ppr,TE,10
David Njoku CLE (10),TE,half-ppr,TE,11
Dallas Goedert PHI (5),TE,half-ppr,TE,12
Dalton Schultz HOU (14),TE,half-ppr,TE,13
T.J. Hockenson MIN (6),TE,half-ppr,TE,14
Pat Freiermuth PIT (9),TE,half-ppr,TE,15
Cole Kmet CHI (7),TE,half-ppr,TE,16
Taysom Hill NO (12) O,TE,half-ppr,TE,17
Isaiah Likely BAL (14),TE,half-ppr,TE,18
Luke Musgrave GB (10),TE,half-ppr,TE,19
Tyler Conklin NYJ (12),TE,half-ppr,TE,20
Jonnu Smith MIA (6),TE,half-ppr,TE,21
Ben Sinnott WAS (14),TE,half-ppr,TE,22
Hunter Henry NE (14),TE,half-ppr,TE,23
Chig Okonkwo TEN (5),TE,half-ppr,TE,24
Cade Otton TB (11),TE,half-ppr,TE,25
Zach Ertz WAS (14),TE,half-ppr,TE,26
Noah Fant SEA (10),TE,half-ppr,TE,27
Dawson Knox BUF (12),TE,half-ppr,TE,28
Juwan Johnson NO (12),TE,half-ppr,TE,29
Ja'Tavion Sanders CAR (11),TE,half-ppr,TE,30
Mike Gesicki CIN (12),TE,half-ppr,TE,31
Theo Johnson NYG (11) O,TE,half-ppr,TE,32
Greg Dulcich NYG (11),TE,half-ppr,TE,33
Hayden Hurst LAC (5),TE,half-ppr,TE,34
Colby Parkinson LAR (6),TE,half-ppr,TE,35
Daniel Bellinger NYG (11),TE,half-ppr,TE,36
Tucker Kraft GB (10),TE,half-ppr,TE,37
Michael Mayer LV (10),TE,half-ppr,TE,38
Nick Keizer,TE,half-ppr,TE,39
Mo Alie-Cox IND (14),TE,half-ppr,TE,40
Jason Witten,TE,half-ppr,TE,41
Vernon Davis,TE,half-ppr,TE,42
Josh Allen BUF (12),QB,half-ppr,QB,1
Patrick Mahomes II KC (6),QB,half-ppr,QB,2
Jalen Hurts PHI (5),QB,half-ppr,QB,3
Lamar Jackson BAL (14),QB,half-ppr,QB,4
C.J. Stroud HOU (14),QB,half-ppr,QB,5
Anthony Richardson IND (14),QB,half-ppr,QB,6
Joe Burrow CIN (12),QB,half-ppr,QB,7
Kyler Murray ARI (11),QB,half-ppr,QB,8
Jordan Love GB (10),QB,half-ppr,QB,9
Dak Prescott DAL (7) O,QB,half-ppr,QB,10
Brock Purdy SF (9),QB,half-ppr,QB,11
Jayden Daniels WAS (14),QB,half-ppr,QB,12
Caleb Williams CHI (7),QB,half-ppr,QB,13
Tua Tagovailoa MIA (6),QB,half-ppr,QB,14
Jared Goff DET (5),QB,half-ppr,QB,15
Trevor Lawrence JAC (12) O,QB,half-ppr,QB,16
Justin Herbert LAC (5) Q,QB,half-ppr,QB,17
Aaron Rodgers NYJ (12),QB,half-ppr,QB,18
Kirk Cousins ATL (12),QB,half-ppr,QB,19
Matthew Stafford LAR (6),QB,half-ppr,QB,20
Baker Mayfield TB (11),QB,half-ppr,QB,21
Deshaun Watson CLE (10) O,QB,half-ppr,QB,22
Bo Nix DEN (14),QB,half-ppr,QB,23
Geno Smith SEA (10),QB,half-ppr,QB,24
Will Levis TEN (5),QB,half-ppr,QB,25
Russell Wilson PIT (9),QB,half-ppr,QB,26
Justin Fields PIT (9),QB,half-ppr,QB,27
Derek Carr NO (12),QB,half-ppr,QB,28
Bryce Young CAR (11),QB,half-ppr,QB,29
Drake Maye NE (14),QB,half-ppr,QB,30
Sam Darnold MIN (6),QB,half-ppr,QB,31
Daniel Jones MIN (6),QB,half-ppr,QB,32
Gardner Minshew II LV (10) O,QB,half-ppr,QB,33
Aidan O'Connell LV (10),QB,half-ppr,QB,34
Jacoby Brissett NE (14),QB,half-ppr,QB,35
Joe Flacco IND (14),QB,half-ppr,QB,36
Michael Penix Jr. ATL (12),QB,half-ppr,QB,37
Kenny Pickett PHI (5),QB,half-ppr,QB,38
Joshua Dobbs SF (9),QB,half-ppr,QB,39
Taysom Hill NO (12) O,QB,half-ppr,QB,40
Tom Brady,QB,half-ppr,QB,41
Carson Wentz KC (6),QB,half-ppr,QB,42
Jimmy Garoppolo LAR (6),QB,half-ppr,QB,43
Hendon Hooker DET (5),QB,half-ppr,QB,44
Davis Cheek,QB,half-ppr,QB,45
Michael Pratt TB (11),QB,half-ppr,QB,46
Tommy DeVito NYG (11),QB,half-ppr,QB,47
Peewee Jarrett,QB,half-ppr,QB,48
Austin Aune,QB,half-ppr,QB,49
Trace McSorley,QB,half-ppr,QB,50
Sam Howell SEA (10),QB,half-ppr,QB,51
Zach Wilson DEN (14),QB,half-ppr,QB,52
Jaren Hall SEA (10),QB,half-ppr,QB,53
Trey Lance DAL (7),QB,half-ppr,QB,54
Devin Leary BAL (14),QB,half-ppr,QB,55
Jarrett Stidham DEN (14),QB,half-ppr,QB,56
Nathan Rourke,QB,half-ppr,QB,57
Matt Barkley,QB,half-ppr,QB,58
Spencer Rattler NO (12),QB,half-ppr,QB,59
Tyson Bagent CHI (7),QB,half-ppr,QB,60
Jameis Winston CLE (10),QB,half-ppr,QB,61
Max Duggan,QB,half-ppr,QB,62
Cooper Rush DAL (7),QB,half-ppr,QB,63
Skylar Thompson MIA (6),QB,half-ppr,QB,64
Jake Browning CIN (12),QB,half-ppr,QB,65
Joe Milton III NE (14),QB,half-ppr,QB,66
Ryan Tannehill,QB,half-ppr,QB,67
Kyle Allen PIT (9),QB,half-ppr,QB,68
Drew Lock NYG (11),QB,half-ppr,QB,69
Andy Dalton CAR (11),QB,half-ppr,QB,70
Tyrod Taylor NYJ (12),QB,half-ppr,QB,71
Marcus Mariota WAS (14),QB,half-ppr,QB,72
Brandon Allen SF (9),QB,half-ppr,QB,73
Mitchell Trubisky BUF (12),QB,half-ppr,QB,74
P.J. Walker,QB,half-ppr,QB,75
Mac Jones JAC (12),QB,half-ppr,QB,76
Bailey Zappe CLE (10),QB,half-ppr,QB,77
Anthony Brown Jr. ARI (11),QB,half-ppr,QB,78
Dorian Thompson-Robinson CLE (10),QB,half-ppr,QB,79
Josh Johnson BAL (14),QB,half-ppr,QB,80
Taylor Heinicke LAC (5),QB,half-ppr,QB,81
Jeff Driskel WAS (14),QB,half-ppr,QB,82
C.J. Beathard JAC (12),QB,half-ppr,QB,83
Nathan Peterman ATL (12),QB,half-ppr,QB,84
Nick Mullens MIN (6),QB,half-ppr,QB,85
Mason Rudolph TEN (5),QB,half-ppr,QB,86
Mike White BUF (12),QB,half-ppr,QB,87
Logan Woodside CIN (12),QB,half-ppr,QB,88
John Wolford JAC (12),QB,half-ppr,QB,89
Brett Rypien MIN (6),QB,half-ppr,QB,90
Easton Stick LAC (5),QB,half-ppr,QB,91
Tyler Huntley MIA (6),QB,half-ppr,QB,92
Jake Fromm DET (5),QB,half-ppr,QB,93
Ben DiNucci NO (12),QB,half-ppr,QB,94
Davis Mills HOU (14),QB,half-ppr,QB,95
Sam Ehlinger IND (14),QB,half-ppr,QB,96
Ian Book,QB,half-ppr,QB,97
Kyle Trask TB (11),QB,half-ppr,QB,98
Desmond Ridder LV (10),QB,half-ppr,QB,99
Malik Willis GB (10),QB,half-ppr,QB,100
Chris Oladokun KC (6),QB,half-ppr,QB,101
Sean Clifford GB (10),QB,half-ppr,QB,102
Stetson Bennett LAR (6),QB,half-ppr,QB,103
Tanner McKee PHI (5),QB,half-ppr,QB,104
Clayton Tune ARI (11),QB,half-ppr,QB,105
Adrian Martinez NYJ (12),QB,half-ppr,QB,106
Jordan Travis NYJ (12),QB,half-ppr,QB,107
Jack Plummer CAR (11),QB,half-ppr,QB,108
Austin Reed CHI (7),QB,half-ppr,QB,109
Jason Bean IND (14),QB,half-ppr,QB,110
Kedon Slovis HOU (14),QB,half-ppr,QB,111
Carter Bradley LV (10),QB,half-ppr,QB,112
John Rhys Plumlee SEA (10),QB,half-ppr,QB,113
Sam Hartman WAS (14),QB,half-ppr,QB,114
Casey Bauman,QB,half-ppr,QB,115
Nate Sudfeld,QB,half-ppr,QB,116
Luis Perez,QB,half-ppr,QB,117
Alex McGough GB (10),QB,half-ppr,QB,118
Tim Boyle NYG (11),QB,half-ppr,QB,119
Will Grier DAL (7),QB,half-ppr,QB,120
Jacob Eason,QB,half-ppr,QB,121
Jake Luton LV (10),QB,half-ppr,QB,122
Kellen Mond,QB,half-ppr,QB,123
Matt Corral,QB,half-ppr,QB,124
E.J. Perry,QB,half-ppr,QB,125
Dresser Winn,QB,half-ppr,QB,126
Jake Haener NO (12),QB,half-ppr,QB,127
Chevan Cordeiro,QB,half-ppr,QB,128
Emory Jones,QB,half-ppr,QB,129
Andrew Peasley,QB,half-ppr,QB,130
John Paddock,QB,half-ppr,QB,131
Rocky Lombardi,QB,half-ppr,QB,132
Tanner Mordecai SF (9),QB,half-ppr,QB,133
Jacob Sirmon,QB,half-ppr,QB,134
Ben Bryant,QB,half-ppr,QB,135
CeeDee Lamb DAL (7),WR,ppr,WR,1
Tyreek Hill MIA (6),WR,ppr,WR,2
Amon-Ra St. Brown DET (5),WR,ppr,WR,3
Ja'Marr Chase CIN (12),WR,ppr,WR,4
Justin Jefferson MIN (6),WR,ppr,WR,5
A.J. Brown PHI (5),WR,ppr,WR,6
Garrett Wilson NYJ (12),WR,ppr,WR,7
Puka Nacua LAR (6),WR,ppr,WR,8
Marvin Harrison Jr. ARI (11),WR,ppr,WR,9
Davante Adams NYJ (12),WR,ppr,WR,10
Drake London ATL (12),WR,ppr,WR,11
Chris Olave NO (12),WR,ppr,WR,12
Nico Collins HOU (14),WR,ppr,WR,13
Mike Evans TB (11),WR,ppr,WR,14
Deebo Samuel Sr. SF (9),WR,ppr,WR,15
Brandon Aiyuk SF (9) O,WR,ppr,WR,16
Cooper Kupp LAR (6),WR,ppr,WR,17
Michael Pittman Jr. IND (14),WR,ppr,WR,18
DK Metcalf SEA (10),WR,ppr,WR,19
Jaylen Waddle MIA (6),WR,ppr,WR,20
Stefon Diggs HOU (14) O,WR,ppr,WR,21
DJ Moore CHI (7),WR,ppr,WR,22
DeVonta Smith PHI (5),WR,ppr,WR,23
Malik Nabers NYG (11),WR,ppr,WR,24
Amari Cooper BUF (12),WR,ppr,WR,25
George Pickens PIT (9),WR,ppr,WR,26
Zay Flowers BAL (14),WR,ppr,WR,27
Tee Higgins CIN (12),WR,ppr,WR,28
Tank Dell HOU (14),WR,ppr,WR,29
Rashee Rice KC (6) O,WR,ppr,WR,30
Terry McLaurin WAS (14),WR,ppr,WR,31
Calvin Ridley TEN (5),WR,ppr,WR,32
Christian Kirk JAC (12) O,WR,ppr,WR,33
Chris Godwin TB (11) O,WR,ppr,WR,34
Keenan Allen CHI (7),WR,ppr,WR,35
Jayden Reed GB (10),WR,ppr,WR,36
Diontae Johnson BAL (14),WR,ppr,WR,37
Xavier Worthy KC (6),WR,ppr,WR,38
Rome Odunze CHI (7),WR,ppr,WR,39
Jaxon Smith-Njigba SEA (10),WR,ppr,WR,40
Christian Watson GB (10),WR,ppr,WR,41
Keon Coleman BUF (12),WR,ppr,WR,42
DeAndre Hopkins KC (6),WR,ppr,WR,43
Ladd McConkey LAC (5),WR,ppr,WR,44
Marquise Brown KC (6),WR,ppr,WR,45
Jordan Addison MIN (6),WR,ppr,WR,46
Courtland Sutton DEN (14),WR,ppr,WR,47
Brian Thomas Jr. JAC (12),WR,ppr,WR,48
Jameson Williams DET (5),WR,ppr,WR,49
Khalil Shakir BUF (12),WR,ppr,WR,50
Tyler Lockett SEA (10),WR,ppr,WR,51
Curtis Samuel BUF (12),WR,ppr,WR,52
Jakobi Meyers LV (10),WR,ppr,WR,53
Romeo Doubs GB (10),WR,ppr,WR,54
Jerry Jeudy CLE (10),WR,ppr,WR,55
Mike Williams PIT (9),WR,ppr,WR,56
Joshua Palmer LAC (5),WR,ppr,WR,57
Adam Thielen CAR (11),WR,ppr,WR,58
Gabe Davis JAC (12) O,WR,ppr,WR,59
Brandin Cooks DAL (7),WR,ppr,WR,60
Adonai Mitchell IND (14),WR,ppr,WR,61
Xavier Legette CAR (11),WR,ppr,WR,62
Darnell Mooney ATL (12),WR,ppr,WR,63
Dontayvion Wicks GB (10),WR,ppr,WR,64
Ja'Lynn Polk NE (14),WR,ppr,WR,65
Rashid Shaheed NO (12) O,WR,ppr,WR,66
DeMario Douglas NE (14),WR,ppr,WR,67
Josh Downs IND (14),WR,ppr,WR,68
Michael Wilson ARI (11),WR,ppr,WR,69
Jahan Dotson PHI (5),WR,ppr,WR,70
Jermaine Burton CIN (12),WR,ppr,WR,71
Quentin Johnston LAC (5),WR,ppr,WR,72
Roman Wilson PIT (9),WR,ppr,WR,73
Marvin Mims Jr. DEN (14),WR,ppr,WR,74
Rashod Bateman BAL (14),WR,ppr,WR,75
Luke McCaffrey WAS (14),WR,ppr,WR,76
Wan'Dale Robinson NYG (11),WR,ppr,WR,77
Troy Franklin DEN (14),WR,ppr,WR,78
Tyler Boyd TEN (5),WR,ppr,WR,79
Ricky Pearsall SF (9),WR,ppr,WR,80
Malachi Corley NYJ (12),WR,ppr,WR,81
Greg Dortch ARI (11),WR,ppr,WR,82
Jalen Tolbert DAL (7),WR,ppr,WR,83
Demarcus Robinson LAR (6),WR,ppr,WR,84
JuJu Smith-Schuster KC (6),WR,ppr,WR,85
Darius Slayton NYG (11),WR,ppr,WR,86
Odell Beckham Jr. MIA (6),WR,ppr,WR,87
Justin Watson KC (6),WR,ppr,WR,88
Kadarius Toney,WR,ppr,WR,89
Jauan Jennings SF (9),WR,ppr,WR,90
Devontez Walker BAL (14),WR,ppr,WR,91
Jordan Whittington LAR (6),WR,ppr,WR,92
Braxton Berrios MIA (6),WR,ppr,WR,93
KaVontae Turpin DAL (7),WR,ppr,WR,94
Skyy Moore KC (6),WR,ppr,WR,95
Jake Bobo SEA (10),WR,ppr,WR,96
Brenden Rice LAC (5),WR,ppr,WR,97
Dyami Brown WAS (14),WR,ppr,WR,98
Allen Lazard NYJ (12),WR,ppr,WR,99
Jalin Hyatt NYG (11),WR,ppr,WR,100
Mecole Hardman Jr. KC (6),WR,ppr,WR,101
Cornelius Johnson GB (10),WR,ppr,WR,102
Javon Baker NE (14),WR,ppr,WR,103
Tejhaun Palmer ARI (11),WR,ppr,WR,104
Andrei Iosivas CIN (12),WR,ppr,WR,105
Jalen McMillan TB (11),WR,ppr,WR,106
Tre Tucker LV (10),WR,ppr,WR,107
Derius Davis LAC (5),WR,ppr,WR,108
Equanimeous St. Brown NO (12),WR,ppr,WR,109
Lucky Jackson MIN (6),WR,ppr,WR,110
Isaiah Williams CIN (12),WR,ppr,WR,111
Britain Covey PHI (5),WR,ppr,WR,112
Jonathan Mingo DAL (7),WR,ppr,WR,113
Elijah Moore CLE (10),WR,ppr,WR,114
David Moore CAR (11),WR,ppr,WR,115
DJ Chark Jr. LAC (5),WR,ppr,WR,116
Van Jefferson PIT (9),WR,ppr,WR,117
Jalen Brooks DAL (7),WR,ppr,WR,118
Zay Jones ARI (11),WR,ppr,WR,119
Johnny Wilson PHI (5),WR,ppr,WR,120
Kalif Raymond DET (5),WR,ppr,WR,121
Bo Melton GB (10),WR,ppr,WR,122
Tyler Scott CHI (7),WR,ppr,WR,123
Julio Jones,WR,ppr,WR,124
Dylan Drummond ATL (12),WR,ppr,WR,125
Malik Washington MIA (6),WR,ppr,WR,126
Xavier Weaver ARI (11),WR,ppr,WR,127
Michael Gallup,WR,ppr,WR,128
Kendrick Bourne NE (14),WR,ppr,WR,129
Charlie Jones CIN (12),WR,ppr,WR,130
Josh Gordon,WR,ppr,WR,131
A.T. Perry DEN (14),WR,ppr,WR,132
K.J. Osborn WAS (14),WR,ppr,WR,133
Robert Woods HOU (14),WR,ppr,WR,134
Jazz Ferguson,WR,ppr,WR,135
Ronnie Bell SF (9),WR,ppr,WR,136
Tim Patrick DET (5),WR,ppr,WR,137
Jalen Virgil BUF (12),WR,ppr,WR,138
Jhamon Ausbon,WR,ppr,WR,139
Ethan Fernea,WR,ppr,WR,140
Calvin Austin III PIT (9),WR,ppr,WR,141
Peter LeBlanc,WR,ppr,WR,142
Eli Stove,WR,ppr,WR,143
Nelson Agholor BAL (14),WR,ppr,WR,144
Donovan Peoples-Jones DET (5),WR,ppr,WR,145
Josh Reynolds JAC (12),WR,ppr,WR,146
Treylon Burks TEN (5),WR,ppr,WR,147
Alec Pierce IND (14),WR,ppr,WR,148
D.J. Montgomery IND (14),WR,ppr,WR,149
Tutu Atwell LAR (6),WR,ppr,WR,150
Justyn Ross KC (6),WR,ppr,WR,151
John Metchie III HOU (14),WR,ppr,WR,152
Trey Palmer TB (11),WR,ppr,WR,153
Ainias Smith PHI (5),WR,ppr,WR,154
Ray-Ray McCloud III ATL (12),WR,ppr,WR,155
Brandon Powell MIN (6),WR,ppr,WR,156
Parris Campbell PHI (5),WR,ppr,WR,157
David Bell CLE (10) O,WR,ppr,WR,158
Parker Washington JAC (12),WR,ppr,WR,159
Malik Heath GB (10),WR,ppr,WR,160
Chris Conley SF (9),WR,ppr,WR,161
Noah Brown WAS (14),WR,ppr,WR,162
Mack Hollins BUF (12),WR,ppr,WR,163
Trenton Irwin CAR (11),WR,ppr,WR,164
KJ Hamler BUF (12),WR,ppr,WR,165
Quez Watkins PIT (9),WR,ppr,WR,166
Dez Fitzpatrick LAC (5),WR,ppr,WR,167
Samson Nacua,WR,ppr,WR,168
Cedric Tillman CLE (10),WR,ppr,WR,169
Xavier Gipson NYJ (12),WR,ppr,WR,170
DeVante Parker,WR,ppr,WR,171
Sterling Shepard TB (11),WR,ppr,WR,172
Isaiah McKenzie,WR,ppr,WR,173
Marquez Valdes-Scantling NO (12),WR,ppr,WR,174
Cedrick Wilson Jr. NO (12),WR,ppr,WR,175
Trent Sherfield Sr. MIN (6),WR,ppr,WR,176
Olamide Zaccheaus WAS (14),WR,ppr,WR,177
Devin Duvernay JAC (12),WR,ppr,WR,178
Trishton Jackson MIN (6),WR,ppr,WR,179
Nick Westbrook-Ikhine TEN (5),WR,ppr,WR,180
Tim Jones JAC (12),WR,ppr,WR,181
Tylan Wallace BAL (14),WR,ppr,WR,182
Dee Eskridge MIA (6),WR,ppr,WR,183
Velus Jones Jr. CAR (11),WR,ppr,WR,184
Jalen Nailor MIN (6),WR,ppr,WR,185
Dareke Young SEA (10),WR,ppr,WR,186
Brandon Johnson PIT (9),WR,ppr,WR,187
Duece Watts,WR,ppr,WR,188
Jamari Thrash CLE (10),WR,ppr,WR,189
Ryan Flournoy DAL (7),WR,ppr,WR,190
Jacob Cowing SF (9),WR,ppr,WR,191
Allen Robinson II DET (5),WR,ppr,WR,192
Martavis Bryant,WR,ppr,WR,193
Jamison Crowder WAS (14),WR,ppr,WR,194
Phillip Dorsett II ATL (12),WR,ppr,WR,195
Chris Moore,WR,ppr,WR,196
Robbie Chosen,WR,ppr,WR,197
John Ross,WR,ppr,WR,198
Trent Taylor SF (9),WR,ppr,WR,199
Zach Pascal ARI (11),WR,ppr,WR,200
River Cracraft MIA (6),WR,ppr,WR,201
Daurice Fountain,WR,ppr,WR,202
James Washington,WR,ppr,WR,203
Russell Gage SF (9),WR,ppr,WR,204
KhaDarel Hodge ATL (12),WR,ppr,WR,205
N'Keal Harry,WR,ppr,WR,206
Scotty Miller PIT (9),WR,ppr,WR,207
Tyron Billy-Johnson,WR,ppr,WR,208
Davion Davis,WR,ppr,WR,209
Deonte Harty BAL (14),WR,ppr,WR,210
Gunner Olszewski NYG (11),WR,ppr,WR,211
Isaiah Hodgins NYG (11),WR,ppr,WR,212
Tyrie Cleveland,WR,ppr,WR,213
Collin Johnson CHI (7),WR,ppr,WR,214
Laviska Shenault Jr. LAC (5),WR,ppr,WR,215
Easop Winston Jr. NYJ (12),WR,ppr,WR,216
Denzel Mims,WR,ppr,WR,217
Freddie Swain,WR,ppr,WR,218
Marquez Callaway TB (11),WR,ppr,WR,219
Kristian Wilkerson LV (10),WR,ppr,WR,220
DJ Turner LV (10),WR,ppr,WR,221
Mathew Sexton,WR,ppr,WR,222
Terrace Marshall Jr. LV (10),WR,ppr,WR,223
Simi Fehoko LAC (5),WR,ppr,WR,224
Cornell Powell SEA (10),WR,ppr,WR,225
Ben Skowronek PIT (9),WR,ppr,WR,226
Ihmir Smith-Marsette NYG (11),WR,ppr,WR,227
Kawaan Baker,WR,ppr,WR,228
Austin Watkins Jr.,WR,ppr,WR,229
Michael Bandy DEN (14),WR,ppr,WR,230
Michael Woods II CLE (10),WR,ppr,WR,231
Montrell Washington KC (6),WR,ppr,WR,232
Samori Toure CHI (7),WR,ppr,WR,233
Erik Ezukanma MIA (6),WR,ppr,WR,234
Tyquan Thornton KC (6),WR,ppr,WR,235
Danny Gray PHI (5),WR,ppr,WR,236
Kyric McGowan,WR,ppr,WR,237
Johnny Johnson III HOU (14),WR,ppr,WR,238
Braylon Sanders NE (14),WR,ppr,WR,239
Tay Martin TEN (5),WR,ppr,WR,240
Deven Thompkins CAR (11),WR,ppr,WR,241
Daylen Baldwin,WR,ppr,WR,242
Maurice Alexander DET (5),WR,ppr,WR,243
Josh Ali,WR,ppr,WR,244
Justin Shorter LV (10),WR,ppr,WR,245
Antoine Green DET (5),WR,ppr,WR,246
Xavier Hutchinson HOU (14),WR,ppr,WR,247
Xavier Smith LAR (6),WR,ppr,WR,248
Kayshon Boutte NE (14),WR,ppr,WR,249
Thyrick Pitts,WR,ppr,WR,250
Jason Brownlee NYJ (12),WR,ppr,WR,251
Nikko Remigio KC (6),WR,ppr,WR,252
Shedrick Jackson LV (10),WR,ppr,WR,253
Jared Wayne HOU (14),WR,ppr,WR,254
Elijah Cooks JAC (12),WR,ppr,WR,255
Isaiah Winstead,WR,ppr,WR,256
Tre'Shaun Harrison,WR,ppr,WR,257
Rakim Jarrett TB (11),WR,ppr,WR,258
Kazmeir Allen WAS (14),WR,ppr,WR,259
Casey Washington ATL (12),WR,ppr,WR,260
Devaughn Vele DEN (14),WR,ppr,WR,261
Dayton Wade BAL (14),WR,ppr,WR,262
Dee Williams NYG (11),WR,ppr,WR,263
Phillip Brooks,WR,ppr,WR,264
Isaiah Wooden,WR,ppr,WR,265
Ahmarean Brown,WR,ppr,WR,266
Terique Owens SF (9),WR,ppr,WR,267
Jordan Matthews CAR (11),WR,ppr,WR,268
Willie Snead IV,WR,ppr,WR,269
Damiere Byrd,WR,ppr,WR,270
DeAndre Carter CHI (7),WR,ppr,WR,271
Laquon Treadwell IND (14),WR,ppr,WR,272
Greg Ward,WR,ppr,WR,273
Anthony Miller BAL (14),WR,ppr,WR,274
Byron Pringle,WR,ppr,WR,275
Deontay Burnett,WR,ppr,WR,276
Deon Cain,WR,ppr,WR,277
Cam Sims,WR,ppr,WR,278
Keith Kirkwood BAL (14),WR,ppr,WR,279
Malik Turner,WR,ppr,WR,280
Keelan Doss,WR,ppr,WR,281
Hakeem Butler,WR,ppr,WR,282
Stanley Morgan Jr. TEN (5),WR,ppr,WR,283
Kelvin Harmon DAL (7),WR,ppr,WR,284
Miles Boykin SEA (10),WR,ppr,WR,285
Ashton Dulin IND (14),WR,ppr,WR,286
Lil'Jordan Humphrey DEN (14),WR,ppr,WR,287
Andy Isabella,WR,ppr,WR,288
David Sills V DEN (14),WR,ppr,WR,289
Cody Thompson TB (11),WR,ppr,WR,290
Jalen Guyton,WR,ppr,WR,291
Jeff Smith,WR,ppr,WR,292
Steven Sims Jr. HOU (14),WR,ppr,WR,293
Alex Bachman LV (10),WR,ppr,WR,294
Tom Kennedy DET (5),WR,ppr,WR,295
Marcus Simms,WR,ppr,WR,296
James Proche II CLE (10),WR,ppr,WR,297
Scotty Washington BAL (14),WR,ppr,WR,298
Andre Baccellia ARI (11),WR,ppr,WR,299
Cody White SEA (10),WR,ppr,WR,300
Dan Chisena CAR (11),WR,ppr,WR,301
Austin Mack,WR,ppr,WR,302
Jalen Reagor LAC (5),WR,ppr,WR,303
Mason Kinsey TEN (5),WR,ppr,WR,304
Chris Blair ATL (12),WR,ppr,WR,305
Tarik Black MIA (6),WR,ppr,WR,306
Michael Strachan WAS (14),WR,ppr,WR,307
Shi Smith,WR,ppr,WR,308
Seth Williams DAL (7),WR,ppr,WR,309
Racey McMath,WR,ppr,WR,310
Jalen Camp,WR,ppr,WR,311
Jaelon Darden SEA (10),WR,ppr,WR,312
Austin Trammell JAC (12),WR,ppr,WR,313
Brandon Smith NYJ (12),WR,ppr,WR,314
Kyle Philips PHI (5),WR,ppr,WR,315
Lance McCutcheon,WR,ppr,WR,316
Raleigh Webb,WR,ppr,WR,317
Kwamie Lassiter II,WR,ppr,WR,318
Kendric Pryor CIN (12),WR,ppr,WR,319
Mike Harley Jr.,WR,ppr,WR,320
Dennis Houston TB (11),WR,ppr,WR,321
Kaden Davis CLE (10),WR,ppr,WR,322
Kevin Austin Jr. NO (12),WR,ppr,WR,323
Justin Hall,WR,ppr,WR,324
Jontre Kirklin,WR,ppr,WR,325
Grant DuBose MIA (6),WR,ppr,WR,326
Colton Dowell TEN (5),WR,ppr,WR,327
Sean Ryan,WR,ppr,WR,328
Zavier Scott MIN (6),WR,ppr,WR,329
Bryce Ford-Wheaton NYG (11),WR,ppr,WR,330
T.J. Luther CAR (11),WR,ppr,WR,331
Joseph Ngata,WR,ppr,WR,332
Ty Scott,WR,ppr,WR,333
Jalen Wayne,WR,ppr,WR,334
Jalen Cropper DAL (7),WR,ppr,WR,335
David Durden,WR,ppr,WR,336
Jaray Jenkins,WR,ppr,WR,337
Daniel Arias,WR,ppr,WR,338
Daewood Davis,WR,ppr,WR,339
Thayer Thomas MIN (6),WR,ppr,WR,340
Malik Knowles,WR,ppr,WR,341
Cephus Johnson III,WR,ppr,WR,342
Shaquan Davis,WR,ppr,WR,343
Matt Landers,WR,ppr,WR,344
Griffin Hebert,WR,ppr,WR,345
Tyrell Shavers BUF (12),WR,ppr,WR,346
Bryan Thompson,WR,ppr,WR,347
Christian McCaffrey SF (9) O,RB,ppr,RB,1
Bijan Robinson ATL (12),RB,ppr,RB,2
Breece Hall NYJ (12),RB,ppr,RB,3
Saquon Barkley PHI (5),RB,ppr,RB,4
Jonathan Taylor IND (14),RB,ppr,RB,5
Jahmyr Gibbs DET (5),RB,ppr,RB,6
Kyren Williams LAR (6),RB,ppr,RB,7
Travis Etienne Jr. JAC (12),RB,ppr,RB,8
Derrick Henry BAL (14),RB,ppr,RB,9
Isiah Pacheco KC (6),RB,ppr,RB,10
De'Von Achane MIA (6),RB,ppr,RB,11
Josh Jacobs GB (10),RB,ppr,RB,12
James Cook BUF (12),RB,ppr,RB,13
Rachaad White TB (11),RB,ppr,RB,14
Alvin Kamara NO (12),RB,ppr,RB,15
Joe Mixon HOU (14),RB,ppr,RB,16
Kenneth Walker III SEA (10),RB,ppr,RB,17
James Conner ARI (11),RB,ppr,RB,18
Aaron Jones Sr. MIN (6),RB,ppr,RB,19
D'Andre Swift CHI (7),RB,ppr,RB,20
David Montgomery DET (5),RB,ppr,RB,21
Rhamondre Stevenson NE (14),RB,ppr,RB,22
Zamir White LV (10) O,RB,ppr,RB,23
Najee Harris PIT (9),RB,ppr,RB,24
Raheem Mostert MIA (6),RB,ppr,RB,25
Javonte Williams DEN (14),RB,ppr,RB,26
Tony Pollard TEN (5),RB,ppr,RB,27
Austin Ekeler WAS (14),RB,ppr,RB,28
Brian Robinson Jr. WAS (14),RB,ppr,RB,29
Devin Singletary NYG (11),RB,ppr,RB,30
Jaylen Warren PIT (9),RB,ppr,RB,31
Zack Moss CIN (12) O,RB,ppr,RB,32
Nick Chubb CLE (10),RB,ppr,RB,33
Tyjae Spears TEN (5),RB,ppr,RB,34
Jonathon Brooks CAR (11) O,RB,ppr,RB,35
Chase Brown CIN (12),RB,ppr,RB,36
Jerome Ford CLE (10),RB,ppr,RB,37
Ezekiel Elliott DAL (7),RB,ppr,RB,38
Gus Edwards LAC (5),RB,ppr,RB,39
Blake Corum LAR (6),RB,ppr,RB,40
J.K. Dobbins LAC (5),RB,ppr,RB,41
Chuba Hubbard CAR (11),RB,ppr,RB,42
Trey Benson ARI (11),RB,ppr,RB,43
Zach Charbonnet SEA (10),RB,ppr,RB,44
Rico Dowdle DAL (7),RB,ppr,RB,45
Tyler Allgeier ATL (12),RB,ppr,RB,46
Ty Chandler MIN (6),RB,ppr,RB,47
Jaleel McLaughlin DEN (14),RB,ppr,RB,48
Jaylen Wright MIA (6),RB,ppr,RB,49
Antonio Gibson NE (14),RB,ppr,RB,50
Khalil Herbert CIN (12),RB,ppr,RB,51
Bucky Irving TB (11),RB,ppr,RB,52
MarShawn Lloyd GB (10),RB,ppr,RB,53
Jordan Mason SF (9),RB,ppr,RB,54
Braelon Allen NYJ (12),RB,ppr,RB,55
Ray Davis BUF (12),RB,ppr,RB,56
Tyrone Tracy Jr. NYG (11),RB,ppr,RB,57
Kenneth Gainwell PHI (5),RB,ppr,RB,58
Clyde Edwards-Helaire KC (6),RB,ppr,RB,59
Dalvin Cook DAL (7),RB,ppr,RB,60
Kimani Vidal LAC (5),RB,ppr,RB,61
Dameon Pierce HOU (14),RB,ppr,RB,62
Carson Steele KC (6),RB,ppr,RB,63
Alexander Mattison LV (10),RB,ppr,RB,64
Tank Bigsby JAC (12),RB,ppr,RB,65
Justice Hill BAL (14),RB,ppr,RB,66
Roschon Johnson CHI (7),RB,ppr,RB,67
Jamaal Williams NO (12),RB,ppr,RB,68
Audric Estime DEN (14),RB,ppr,RB,69
Keaton Mitchell BAL (14),RB,ppr,RB,70
Kyle Juszczyk SF (9),RB,ppr,RB,71
Will Shipley PHI (5),RB,ppr,RB,72
Samaje Perine KC (6),RB,ppr,RB,73
Kendre Miller NO (12),RB,ppr,RB,74
Louis Rees-Zammit JAC (12),RB,ppr,RB,75
Jermar Jefferson DET (5),RB,ppr,RB,76
J.J. Taylor HOU (14),RB,ppr,RB,77
Dylan Laube LV (10),RB,ppr,RB,78
Cam Akers MIN (6),RB,ppr,RB,79
Trey Sermon IND (14),RB,ppr,RB,80
Eric Gray NYG (11),RB,ppr,RB,81
Miles Sanders CAR (11),RB,ppr,RB,82
Deuce Vaughn DAL (7),RB,ppr,RB,83
D'Onta Foreman CLE (10),RB,ppr,RB,84
Michael Wiley WAS (14),RB,ppr,RB,85
DeWayne McBride,RB,ppr,RB,86
Isaac Guerendo SF (9),RB,ppr,RB,87
Jacob Saylors,RB,ppr,RB,88
Dante Miller NYG (11),RB,ppr,RB,89
Raheem Blackshear CAR (11),RB,ppr,RB,90
Patrick Taylor Jr. SF (9),RB,ppr,RB,91
SaRodorick Thompson Jr.,RB,ppr,RB,92
Patrick Ricard BAL (14),RB,ppr,RB,93
Cordarrelle Patterson PIT (9),RB,ppr,RB,94
Jeff Wilson Jr. MIA (6),RB,ppr,RB,95
DeeJay Dallas ARI (11),RB,ppr,RB,96
Anthony McFarland Jr.,RB,ppr,RB,97
Derek Watt,RB,ppr,RB,98
C.J. Ham MIN (6),RB,ppr,RB,99
Sione Vaki DET (5),RB,ppr,RB,100
Leonard Fournette,RB,ppr,RB,101
Travis Homer CHI (7),RB,ppr,RB,102
Jakob Johnson,RB,ppr,RB,103
Ty'Son Williams,RB,ppr,RB,104
Alec Ingold MIA (6),RB,ppr,RB,105
Anthony Jones,RB,ppr,RB,106
Jake Funk,RB,ppr,RB,107
Dylan McDuffie,RB,ppr,RB,108
Khari Blasingame PHI (5),RB,ppr,RB,109
Justin Jackson,RB,ppr,RB,110
Jon Hilliman,RB,ppr,RB,111
Blake Watson DEN (14),RB,ppr,RB,112
Kareem Hunt KC (6),RB,ppr,RB,113
Rasheen Ali BAL (14),RB,ppr,RB,114
James White,RB,ppr,RB,115
British Brooks HOU (14),RB,ppr,RB,116
Keaontay Ingram KC (6),RB,ppr,RB,117
J.D. McKissic,RB,ppr,RB,118
Corey Clement,RB,ppr,RB,119
Ty Johnson BUF (12),RB,ppr,RB,120
James Robinson,RB,ppr,RB,121
Mark Ingram II,RB,ppr,RB,122
Craig Reynolds DET (5),RB,ppr,RB,123
Caleb Huntley,RB,ppr,RB,124
Hunter Luepke DAL (7),RB,ppr,RB,125
Cody Schrader LAR (6),RB,ppr,RB,126
Melvin Gordon III,RB,ppr,RB,127
Rex Burkhead,RB,ppr,RB,128
Malcolm Brown,RB,ppr,RB,129
Kenny McIntosh SEA (10),RB,ppr,RB,130
Emanuel Wilson GB (10),RB,ppr,RB,131
Ameer Abdullah LV (10),RB,ppr,RB,132
Kevin Harris NE (14),RB,ppr,RB,133
Ellis Merriweather GB (10),RB,ppr,RB,134
Jerick McKinnon,RB,ppr,RB,135
Israel Abanikanda SF (9),RB,ppr,RB,136
Xazavian Valladay NO (12),RB,ppr,RB,137
Damien Harris,RB,ppr,RB,138
Deneric Prince MIA (6),RB,ppr,RB,139
Reggie Gilliam BUF (12),RB,ppr,RB,140
Eno Benjamin,RB,ppr,RB,141
Frank Gore Jr. BUF (12),RB,ppr,RB,142
Dare Ogunbowale HOU (14),RB,ppr,RB,143
Joshua Kelley TEN (5),RB,ppr,RB,144
Emari Demercado ARI (11),RB,ppr,RB,145
Colson Yankoff WAS (14),RB,ppr,RB,146
Kene Nwangwu NYJ (12),RB,ppr,RB,147
Michael Carter ARI (11),RB,ppr,RB,148
Malik Davis DAL (7),RB,ppr,RB,149
Ronnie Rivers LAR (6),RB,ppr,RB,150
Zach Evans,RB,ppr,RB,151
Chris Rodriguez Jr. WAS (14),RB,ppr,RB,152
Chris Brooks GB (10),RB,ppr,RB,153
Sean Tucker TB (11),RB,ppr,RB,154
Jase McClellan ATL (12),RB,ppr,RB,155
Brandon Bolden,RB,ppr,RB,156
Matt Breida,RB,ppr,RB,157
Royce Freeman CHI (7),RB,ppr,RB,158
Boston Scott,RB,ppr,RB,159
Trayveon Williams CIN (12),RB,ppr,RB,160
Andrew Beck HOU (14),RB,ppr,RB,161
Salvon Ahmed IND (14),RB,ppr,RB,162
Tyler Goodson IND (14),RB,ppr,RB,163
Pierre Strong Jr. CLE (10),RB,ppr,RB,164
Tyreik McAllister LV (10),RB,ppr,RB,165
Hassan Hall,RB,ppr,RB,166
Jack Colletto,RB,ppr,RB,167
Michael Burton DEN (14),RB,ppr,RB,168
Tarik Cohen,RB,ppr,RB,169
Nyheim Hines CLE (10),RB,ppr,RB,170
Godwin Igwebuike,RB,ppr,RB,171
Mike Boone CAR (11),RB,ppr,RB,172
Myles Gaskin JAC (12),RB,ppr,RB,173
D'Ernest Johnson JAC (12),RB,ppr,RB,174
Derrick Gore,RB,ppr,RB,175
Jacques Patrick,RB,ppr,RB,176
Darrynton Evans CHI (7),RB,ppr,RB,177
La'Mical Perine,RB,ppr,RB,178
Jonathan Ward PIT (9),RB,ppr,RB,179
JaMycal Hasty NE (14),RB,ppr,RB,180
Ke'Shawn Vaughn SF (9),RB,ppr,RB,181
Spencer Brown,RB,ppr,RB,182
Deon Jackson,RB,ppr,RB,183
Avery Williams ATL (12),RB,ppr,RB,184
Adam Prentice NO (12),RB,ppr,RB,185
Jaret Patterson LAC (5),RB,ppr,RB,186
Tyler Badie DEN (14),RB,ppr,RB,187
Hassan Haskins LAC (5),RB,ppr,RB,188
Snoop Conner,RB,ppr,RB,189
Brittain Brown SEA (10),RB,ppr,RB,190
Isaiah Spiller,RB,ppr,RB,191
Tyrion Davis-Price PHI (5),RB,ppr,RB,192
Ricky Person Jr.,RB,ppr,RB,193
Aaron Shampklin PIT (9),RB,ppr,RB,194
Julius Chestnut TEN (5),RB,ppr,RB,195
Sincere McCormick LV (10),RB,ppr,RB,196
Jashaun Corbin,RB,ppr,RB,197
Lew Nichols III,RB,ppr,RB,198
Carlos Washington Jr. ATL (12),RB,ppr,RB,199
Jordan Mims NO (12),RB,ppr,RB,200
Elijah Dotson ATL (12),RB,ppr,RB,201
Jawhar Jordan HOU (14),RB,ppr,RB,202
Keilan Robinson JAC (12),RB,ppr,RB,203
Isaiah Davis NYJ (12),RB,ppr,RB,204
Chris Collier LV (10),RB,ppr,RB,205
Jarveon Howard,RB,ppr,RB,206
George Holani SEA (10),RB,ppr,RB,207
Kobe Lewis,RB,ppr,RB,208
TaMerik Williams,RB,ppr,RB,209
Emani Bailey CAR (11),RB,ppr,RB,210
Austin Jones,RB,ppr,RB,211
Nathaniel Peat,RB,ppr,RB,212
Elijah Collins,RB,ppr,RB,213
Dwayne Washington,RB,ppr,RB,214
Jeremy McNichols WAS (14),RB,ppr,RB,215
John Kelly Jr. LAC (5),RB,ppr,RB,216
Nick Bawden,RB,ppr,RB,217
Austin Walter,RB,ppr,RB,218
Patrick Laird,RB,ppr,RB,219
Tony Jones Jr.,RB,ppr,RB,220
Demetric Felton Jr.,RB,ppr,RB,221
Gerrid Doaks,RB,ppr,RB,222
Gary Brightwell CIN (12),RB,ppr,RB,223
Nate McCrary,RB,ppr,RB,224
Zonovan Knight NYJ (12),RB,ppr,RB,225
Zander Horvath,RB,ppr,RB,226
Troy Hairston II HOU (14),RB,ppr,RB,227
Evan Hull IND (14),RB,ppr,RB,228
Robert Burns ATL (12),RB,ppr,RB,229
Mohamed Ibrahim,RB,ppr,RB,230
Kendall Milton CIN (12),RB,ppr,RB,231
Jaden Shirden,RB,ppr,RB,232
Noah Cain,RB,ppr,RB,233
Aidan Robbins,RB,ppr,RB,234
Trent Pennix,RB,ppr,RB,235
Deshaun Fenwick,RB,ppr,RB,236
Jacob Kibodi,RB,ppr,RB,237
Dillon Johnson CAR (11),RB,ppr,RB,238
Sam Schnee,RB,ppr,RB,239
Jabari Small TEN (5),RB,ppr,RB,240
Daijun Edwards,RB,ppr,RB,241
D.J. Williams TB (11),RB,ppr,RB,242
Jalen Jackson,RB,ppr,RB,243
Terrell Jennings NE (14),RB,ppr,RB,244
Markese Stepp,RB,ppr,RB,245
Ramon Jefferson,RB,ppr,RB,246
Kairee Robinson,RB,ppr,RB,247
Travis Kelce KC (6),TE,ppr,TE,1
Sam LaPorta DET (5),TE,ppr,TE,2
Mark Andrews BAL (14),TE,ppr,TE,3
Trey McBride ARI (11),TE,ppr,TE,4
Dalton Kincaid BUF (12),TE,ppr,TE,5
George Kittle SF (9),TE,ppr,TE,6
Evan Engram JAC (12),TE,ppr,TE,7
Kyle Pitts ATL (12),TE,ppr,TE,8
Jake Ferguson DAL (7),TE,ppr,TE,9
David Njoku CLE (10),TE,ppr,TE,10
Brock Bowers LV (10),TE,ppr,TE,11
Dallas Goedert PHI (5),TE,ppr,TE,12
Dalton Schultz HOU (14),TE,ppr,TE,13
T.J. Hockenson MIN (6),TE,ppr,TE,14
Pat Freiermuth PIT (9),TE,ppr,TE,15
Cole Kmet CHI (7),TE,ppr,TE,16
Luke Musgrave GB (10),TE,ppr,TE,17
Isaiah Likely BAL (14),TE,ppr,TE,18
Tyler Conklin NYJ (12),TE,ppr,TE,19
Taysom Hill NO (12) O,TE,ppr,TE,20
Zach Ertz WAS (14),TE,ppr,TE,21
Hunter Henry NE (14),TE,ppr,TE,22
Chig Okonkwo TEN (5),TE,ppr,TE,23
Jonnu Smith MIA (6),TE,ppr,TE,24
Mike Gesicki CIN (12),TE,ppr,TE,25
Cade Otton TB (11),TE,ppr,TE,26
Dawson Knox BUF (12),TE,ppr,TE,27
Ben Sinnott WAS (14),TE,ppr,TE,28
Ja'Tavion Sanders CAR (11),TE,ppr,TE,29
Noah Fant SEA (10),TE,ppr,TE,30
Colby Parkinson LAR (6),TE,ppr,TE,31
Greg Dulcich NYG (11),TE,ppr,TE,32
Darren Waller,TE,ppr,TE,33
Juwan Johnson NO (12),TE,ppr,TE,34
Michael Mayer LV (10),TE,ppr,TE,35
Noah Gray KC (6),TE,ppr,TE,36
Tucker Kraft GB (10),TE,ppr,TE,37
Durham Smythe MIA (6),TE,ppr,TE,38
Darnell Washington PIT (9),TE,ppr,TE,39
Hayden Hurst LAC (5),TE,ppr,TE,40
Luke Schoonmaker DAL (7),TE,ppr,TE,41
Cade Stover HOU (14),TE,ppr,TE,42
Brock Wright DET (5),TE,ppr,TE,43
Connor Heyward PIT (9),TE,ppr,TE,44
Jared Wiley KC (6),TE,ppr,TE,45
Theo Johnson NYG (11) O,TE,ppr,TE,46
Brevin Jordan HOU (14) O,TE,ppr,TE,47
Daniel Bellinger NYG (11),TE,ppr,TE,48
Cole Fotheringham LV (10),TE,ppr,TE,49
Gerald Everett CHI (7),TE,ppr,TE,50
Tyler Higbee LAR (6),TE,ppr,TE,51
Grant Calcaterra PHI (5),TE,ppr,TE,52
Elijah Higgins ARI (11),TE,ppr,TE,53
Charlie Taumoepeau,TE,ppr,TE,54
Josh Oliver MIN (6),TE,ppr,TE,55
Adam Trautman DEN (14),TE,ppr,TE,56
MyCole Pruitt PIT (9),TE,ppr,TE,57
Armani Rogers ATL (12),TE,ppr,TE,58
Eric Tomlinson LAC (5),TE,ppr,TE,59
Julian Hill MIA (6),TE,ppr,TE,60
Davis Allen LAR (6),TE,ppr,TE,61
Austin Hooper NE (14),TE,ppr,TE,62
Tanner Hudson CIN (12),TE,ppr,TE,63
Mo Alie-Cox IND (14),TE,ppr,TE,64
Drew Ogletree IND (14),TE,ppr,TE,65
Shane Zylstra DET (5),TE,ppr,TE,66
Drew Sample CIN (12),TE,ppr,TE,67
Pharaoh Brown SEA (10),TE,ppr,TE,68
Will Mallory IND (14),TE,ppr,TE,69
AJ Barner SEA (10),TE,ppr,TE,70
Johnny Mundt MIN (6),TE,ppr,TE,71
Kylen Granson IND (14),TE,ppr,TE,72
Peyton Hendershot KC (6),TE,ppr,TE,73
Jordan Akins CLE (10),TE,ppr,TE,74
Donald Parham Jr. DEN (14),TE,ppr,TE,75
Jeremy Ruckert NYJ (12),TE,ppr,TE,76
E.J. Jenkins PHI (5),TE,ppr,TE,77
Jaheim Bell NE (14),TE,ppr,TE,78
Marcedes Lewis CHI (7),TE,ppr,TE,79
C.J. Uzomah PHI (5),TE,ppr,TE,80
Will Dissly LAC (5),TE,ppr,TE,81
Foster Moreau NO (12),TE,ppr,TE,82
Irv Smith Jr. HOU (14),TE,ppr,TE,83
Harrison Bryant LV (10),TE,ppr,TE,84
Kenny Yeboah NYJ (12),TE,ppr,TE,85
Tommy Tremble CAR (11),TE,ppr,TE,86
Tre' McKitty CLE (10),TE,ppr,TE,87
John Bates WAS (14),TE,ppr,TE,88
Jack Stoll MIA (6),TE,ppr,TE,89
John FitzPatrick GB (10),TE,ppr,TE,90
James Mitchell DET (5),TE,ppr,TE,91
Lucas Krull DEN (14),TE,ppr,TE,92
Josh Whyle TEN (5),TE,ppr,TE,93
Brenton Strange JAC (12),TE,ppr,TE,94
Cameron Latu CLE (10),TE,ppr,TE,95
Payne Durham TB (11),TE,ppr,TE,96
Princeton Fant DAL (7),TE,ppr,TE,97
Devin Culp TB (11),TE,ppr,TE,98
Logan Thomas,TE,ppr,TE,99
Chris Manhertz NYG (11),TE,ppr,TE,100
Eric Saubert SF (9),TE,ppr,TE,101
Anthony Firkser KC (6),TE,ppr,TE,102
Robert Tonyan,TE,ppr,TE,103
Ian Thomas CAR (11),TE,ppr,TE,104
David Wells,TE,ppr,TE,105
Tyree Jackson,TE,ppr,TE,106
Zach Gentry,TE,ppr,TE,107
Stephen Carlson CHI (7),TE,ppr,TE,108
Parker Hesse,TE,ppr,TE,109
Mitchell Wilcox NE (14),TE,ppr,TE,110
Sean McKeon IND (14),TE,ppr,TE,111
Albert Okwuegbunam Jr.,TE,ppr,TE,112
Josiah Deguara JAC (12),TE,ppr,TE,113
Charlie Woerner ATL (12),TE,ppr,TE,114
Tyler Mabry SEA (10),TE,ppr,TE,115
Lawrence Cager,TE,ppr,TE,116
Sammis Reyes MIN (6),TE,ppr,TE,117
Luke Farrell JAC (12),TE,ppr,TE,118
Jacob Harris,TE,ppr,TE,119
Hunter Long LAR (6),TE,ppr,TE,120
Zach Davidson BUF (12),TE,ppr,TE,121
Quintin Morris BUF (12),TE,ppr,TE,122
Charlie Kolar BAL (14),TE,ppr,TE,123
Jake Tonges SF (9),TE,ppr,TE,124
Thomas Odukoya TEN (5),TE,ppr,TE,125
Tanner Conner MIA (6),TE,ppr,TE,126
Chris Pierce Jr.,TE,ppr,TE,127
Tucker Fisk LAC (5),TE,ppr,TE,128
Rodney Williams,TE,ppr,TE,129
Zack Kuntz NYJ (12),TE,ppr,TE,130
Brayden Willis SF (9),TE,ppr,TE,131
Travis Vokolek ARI (11),TE,ppr,TE,132
Brady Russell SEA (10),TE,ppr,TE,133
John Stephens Jr. DAL (7) O,TE,ppr,TE,134
Nate Adkins DEN (14),TE,ppr,TE,135
Jordan Murray NYG (11),TE,ppr,TE,136
Joel Wilson CHI (7),TE,ppr,TE,137
Erick All Jr. CIN (12) O,TE,ppr,TE,138
Tanner McLachlan CIN (12),TE,ppr,TE,139
Tip Reiman ARI (11),TE,ppr,TE,140
Mike Rigerman,TE,ppr,TE,141
Riley Sharp,TE,ppr,TE,142
Baylor Cupp KC (6),TE,ppr,TE,143
Thomas Yassmin DEN (14),TE,ppr,TE,144
Trey Knox,TE,ppr,TE,145
Jacob Warren,TE,ppr,TE,146
David Martin-Robinson TEN (5),TE,ppr,TE,147
Nick Vannett TEN (5),TE,ppr,TE,148
Jacob Hollister,TE,ppr,TE,149
Jordan Thomas,TE,ppr,TE,150
Ross Dwelley ATL (12),TE,ppr,TE,151
Kevin Rader,TE,ppr,TE,152
Tommy Sweeney CHI (7),TE,ppr,TE,153
Matt Sokol PIT (9),TE,ppr,TE,154
Noah Togiai,TE,ppr,TE,155
Tommy Hudson,TE,ppr,TE,156
Ben Mason,TE,ppr,TE,157
Hunter Kampmoyer,TE,ppr,TE,158
Feleipe Franks CAR (11),TE,ppr,TE,159
Sage Surratt,TE,ppr,TE,160
Miller Forristall,TE,ppr,TE,161
Bernhard Seikovits ARI (11),TE,ppr,TE,162
Josh Pederson,TE,ppr,TE,163
Sal Cannella,TE,ppr,TE,164
Michael Jacobson NO (12),TE,ppr,TE,165
Teagan Quitoriano HOU (14),TE,ppr,TE,166
Nikola Kalinic LAR (6),TE,ppr,TE,167
Nick Muse MIN (6),TE,ppr,TE,168
Ko Kieft TB (11),TE,ppr,TE,169
Cole Turner WAS (14),TE,ppr,TE,170
Zaire Mitchell-Paden BAL (14),TE,ppr,TE,171
Gerrit Prince,TE,ppr,TE,172
Stone Smartt LAC (5),TE,ppr,TE,173
Henry Pearson,TE,ppr,TE,174
Blake Whiteheart CLE (10),TE,ppr,TE,175
Ben Sims GB (10),TE,ppr,TE,176
Tanner Taula TB (11),TE,ppr,TE,177
La'Michael Pettway,TE,ppr,TE,178
Patrick Murtagh,TE,ppr,TE,179
Messiah Swinson GB (10),TE,ppr,TE,180
Lincoln Sefcik,TE,ppr,TE,181
McCallan Castles LAC (5),TE,ppr,TE,182
Jack Westover NE (14),TE,ppr,TE,183
Austin Stogner,TE,ppr,TE,184
Brenden Bates NYJ (12),TE,ppr,TE,185
Cam Grandy CIN (12),TE,ppr,TE,186
Treyton Welch NO (12),TE,ppr,TE,187
Alec Holler,TE,ppr,TE,188
Brevyn Spann-Ford DAL (7),TE,ppr,TE,189
Dylan Leonard,TE,ppr,TE,190
Isaac Rex,TE,ppr,TE,191
Dallin Holker NO (12),TE,ppr,TE,192
Steven Stilianos,TE,ppr,TE,193
Mason Pline SF (9),TE,ppr,TE,194
Shawn Bowman JAC (12),TE,ppr,TE,195
Neal Johnson,TE,ppr,TE,196
Josh Allen BUF (12),QB,ppr,QB,1
Patrick Mahomes II KC (6),QB,ppr,QB,2
Jalen Hurts PHI (5),QB,ppr,QB,3
Lamar Jackson BAL (14),QB,ppr,QB,4
C.J. Stroud HOU (14),QB,ppr,QB,5
Anthony Richardson IND (14),QB,ppr,QB,6
Joe Burrow CIN (12),QB,ppr,QB,7
Kyler Murray ARI (11),QB,ppr,QB,8
Jordan Love GB (10),QB,ppr,QB,9
Dak Prescott DAL (7) O,QB,ppr,QB,10
Brock Purdy SF (9),QB,ppr,QB,11
Jayden Daniels WAS (14),QB,ppr,QB,12
Caleb Williams CHI (7),QB,ppr,QB,13
Tua Tagovailoa MIA (6),QB,ppr,QB,14
Jared Goff DET (5),QB,ppr,QB,15
Trevor Lawrence JAC (12) O,QB,ppr,QB,16
Justin Herbert LAC (5) Q,QB,ppr,QB,17
Aaron Rodgers NYJ (12),QB,ppr,QB,18
Kirk Cousins ATL (12),QB,ppr,QB,19
Matthew Stafford LAR (6),QB,ppr,QB,20
Baker Mayfield TB (11),QB,ppr,QB,21
Deshaun Watson CLE (10) O,QB,ppr,QB,22
Bo Nix DEN (14),QB,ppr,QB,23
Geno Smith SEA (10),QB,ppr,QB,24
Will Levis TEN (5),QB,ppr,QB,25
Russell Wilson PIT (9),QB,ppr,QB,26
Justin Fields PIT (9),QB,ppr,QB,27
Derek Carr NO (12),QB,ppr,QB,28
Bryce Young CAR (11),QB,ppr,QB,29
Drake Maye NE (14),QB,ppr,QB,30
Sam Darnold MIN (6),QB,ppr,QB,31
Daniel Jones MIN (6),QB,ppr,QB,32
Gardner Minshew II LV (10) O,QB,ppr,QB,33
Aidan O'Connell LV (10),QB,ppr,QB,34
Jacoby Brissett NE (14),QB,ppr,QB,35
Joe Flacco IND (14),QB,ppr,QB,36
Michael Penix Jr. ATL (12),QB,ppr,QB,37
Kenny Pickett PHI (5),QB,ppr,QB,38
Joshua Dobbs SF (9),QB,ppr,QB,39
Taysom Hill NO (12) O,QB,ppr,QB,40
Tom Brady,QB,ppr,QB,41
Carson Wentz KC (6),QB,ppr,QB,42
Jimmy Garoppolo LAR (6),QB,ppr,QB,43
Hendon Hooker DET (5),QB,ppr,QB,44
Davis Cheek,QB,ppr,QB,45
Michael Pratt TB (11),QB,ppr,QB,46
Tommy DeVito NYG (11),QB,ppr,QB,47
Peewee Jarrett,QB,ppr,QB,48
Austin Aune,QB,ppr,QB,49
Trace McSorley,QB,ppr,QB,50
Sam Howell SEA (10),QB,ppr,QB,51
Zach Wilson DEN (14),QB,ppr,QB,52
Jaren Hall SEA (10),QB,ppr,QB,53
Trey Lance DAL (7),QB,ppr,QB,54
Devin Leary BAL (14),QB,ppr,QB,55
Jarrett Stidham DEN (14),QB,ppr,QB,56
Nathan Rourke,QB,ppr,QB,57
Matt Barkley,QB,ppr,QB,58
Spencer Rattler NO (12),QB,ppr,QB,59
Tyson Bagent CHI (7),QB,ppr,QB,60
Jameis Winston CLE (10),QB,ppr,QB,61
Max Duggan,QB,ppr,QB,62
Cooper Rush DAL (7),QB,ppr,QB,63
Skylar Thompson MIA (6),QB,ppr,QB,64
Jake Browning CIN (12),QB,ppr,QB,65
Joe Milton III NE (14),QB,ppr,QB,66
Ryan Tannehill,QB,ppr,QB,67
Kyle Allen PIT (9),QB,ppr,QB,68
Drew Lock NYG (11),QB,ppr,QB,69
Andy Dalton CAR (11),QB,ppr,QB,70
Tyrod Taylor NYJ (12),QB,ppr,QB,71
Marcus Mariota WAS (14),QB,ppr,QB,72
Brandon Allen SF (9),QB,ppr,QB,73
Mitchell Trubisky BUF (12),QB,ppr,QB,74
P.J. Walker,QB,ppr,QB,75
Mac Jones JAC (12),QB,ppr,QB,76
Bailey Zappe CLE (10),QB,ppr,QB,77
Anthony Brown Jr. ARI (11),QB,ppr,QB,78
Dorian Thompson-Robinson CLE (10),QB,ppr,QB,79
Josh Johnson BAL (14),QB,ppr,QB,80
Taylor Heinicke LAC (5),QB,ppr,QB,81
Jeff Driskel WAS (14),QB,ppr,QB,82
C.J. Beathard JAC (12),QB,ppr,QB,83
Nathan Peterman ATL (12),QB,ppr,QB,84
Nick Mullens MIN (6),QB,ppr,QB,85
Mason Rudolph TEN (5),QB,ppr,QB,86
Mike White BUF (12),QB,ppr,QB,87
Logan Woodside CIN (12),QB,ppr,QB,88
John Wolford JAC (12),QB,ppr,QB,89
Brett Rypien MIN (6),QB,ppr,QB,90
Easton Stick LAC (5),QB,ppr,QB,91
Tyler Huntley MIA (6),QB,ppr,QB,92
Jake Fromm DET (5),QB,ppr,QB,93
Ben DiNucci NO (12),QB,ppr,QB,94
Davis Mills HOU (14),QB,ppr,QB,95
Sam Ehlinger IND (14),QB,ppr,QB,96
Ian Book,QB,ppr,QB,97
Kyle Trask TB (11),QB,ppr,QB,98
Desmond Ridder LV (10),QB,ppr,QB,99
Malik Willis GB (10),QB,ppr,QB,100
Chris Oladokun KC (6),QB,ppr,QB,101
Sean Clifford GB (10),QB,ppr,QB,102
Stetson Bennett LAR (6),QB,ppr,QB,103
Tanner McKee PHI (5),QB,ppr,QB,104
Clayton Tune ARI (11),QB,ppr,QB,105
Adrian Martinez NYJ (12),QB,ppr,QB,106
Jordan Travis NYJ (12),QB,ppr,QB,107
Jack Plummer CAR (11),QB,ppr,QB,108
Austin Reed CHI (7),QB,ppr,QB,109
Jason Bean IND (14),QB,ppr,QB,110
Kedon Slovis HOU (14),QB,ppr,QB,111
Carter Bradley LV (10),QB,ppr,QB,112
John Rhys Plumlee SEA (10),QB,ppr,QB,113
Sam Hartman WAS (14),QB,ppr,QB,114
Casey Bauman,QB,ppr,QB,115
Nate Sudfeld,QB,ppr,QB,116
Luis Perez,QB,ppr,QB,117
Alex McGough GB (10),QB,ppr,QB,118
Tim Boyle NYG (11),QB,ppr,QB,119
Will Grier DAL (7),QB,ppr,QB,120
Jacob Eason,QB,ppr,QB,121
Jake Luton LV (10),QB,ppr,QB,122
Kellen Mond,QB,ppr,QB,123
Matt Corral,QB,ppr,QB,124
E.J. Perry,QB,ppr,QB,125
Dresser Winn,QB,ppr,QB,126
Jake Haener NO (12),QB,ppr,QB,127
Chevan Cordeiro,QB,ppr,QB,128
Emory Jones,QB,ppr,QB,129
Andrew Peasley,QB,ppr,QB,130
John Paddock,QB,ppr,QB,131
Rocky Lombardi,QB,ppr,QB,132
Tanner Mordecai SF (9),QB,ppr,QB,133
Jacob Sirmon,QB,ppr,QB,134
Ben Bryant,QB,ppr,QB,135
